1583006871438,humidity, 22.00
1583006871446,temperature, 73.94
1583006871446,co2,759.00
1583006871447,tvoc, 54.00
1583006874510,humidity, 22.00
1583006874518,temperature, 74.48
1583006874518,co2,733.00
1583006874520,tvoc, 50.00
1583006877582,humidity, 22.00
1583006877593,temperature, 74.12
1583006877594,co2,712.00
1583006877594,tvoc, 47.00
1583006880654,humidity, 23.00
1583006880668,temperature, 74.30
1583006880669,co2,704.00
1583006880669,tvoc, 46.00
1583006883521,humidity, 22.00
1583006883529,temperature, 74.30
1583006883529,co2,679.00
1583006883530,tvoc, 42.00
1583006886673,humidity, 22.00
1583006886687,temperature, 74.30
1583006886687,co2,665.00
1583006886688,tvoc, 40.00
1583006889665,humidity, 23.00
1583006889677,temperature, 73.94
1583006889677,co2,656.00
1583006889678,tvoc, 39.00
1583006892674,humidity, 22.00
1583006892681,co2,649.00
1583006892681,temperature, 74.30
1583006892681,tvoc, 37.00
1583006895678,humidity, 22.00
1583006895685,temperature, 73.40
1583006895686,co2,641.00
1583006895686,tvoc, 36.00
1583006898678,humidity, 22.00
1583006898686,temperature, 74.30
1583006898686,co2,641.00
1583006898687,tvoc, 36.00
1583006901693,humidity, 22.00
1583006901703,temperature, 75.02
1583006901703,co2,679.00
1583006901703,tvoc, 42.00
1583006904730,humidity, 22.00
1583006904737,temperature, 73.94
1583006904737,co2,656.00
1583006904737,tvoc, 39.00
1583006907764,humidity, 22.00
1583006907772,temperature, 74.84
1583006907772,co2,649.00
1583006907773,tvoc, 37.00
1583006910862,humidity, 22.00
1583006910873,temperature, 74.12
1583006910874,co2,641.00
1583006910874,tvoc, 36.00
1583006914139,humidity, 22.00
1583006914147,temperature, 74.48
1583006914148,co2,614.00
1583006914148,tvoc, 32.00
1583006916874,humidity, 22.00
1583006916881,temperature, 74.12
1583006916881,co2,614.00
1583006916882,tvoc, 32.00
1583006919906,humidity, 22.00
1583006919915,temperature, 73.04
1583006919915,co2,592.00
1583006919916,tvoc, 29.00
1583006922946,humidity, 22.00
1583006922956,temperature, 74.30
1583006922956,co2,586.00
1583006922956,tvoc, 28.00
1583006926018,humidity, 20.00
1583006926026,temperature, 74.12
1583006926026,co2,441.00
1583006926027,tvoc,  6.00
1583006929089,humidity, 23.00
1583006929101,temperature, 73.94
1583006929101,co2,435.00
1583006929102,tvoc,  5.00
1583006932162,humidity, 23.00
1583006932171,temperature, 73.94
1583006932171,co2,451.00
1583006932172,tvoc,  7.00
1583006935233,humidity, 23.00
1583006935245,temperature, 74.12
1583006935246,co2,435.00
1583006935246,tvoc,  5.00
1583006938305,humidity, 23.00
1583006938317,temperature, 74.12
1583006938318,co2,426.00
1583006938318,tvoc,  3.00
1583006941377,humidity, 23.00
1583006941389,temperature, 73.76
1583006941389,co2,435.00
1583006941390,tvoc,  5.00
1583006944246,humidity, 23.00
1583006944286,temperature, 73.94
1583006944286,co2,427.00
1583006944287,tvoc,  4.00
1583006947317,humidity, 23.00
1583006947325,temperature, 74.30
1583006947326,co2,423.00
1583006947326,tvoc,  3.00
1583006950389,humidity, 23.00
1583006950402,temperature, 73.76
1583006950403,co2,411.00
1583006950403,tvoc,  1.00
1583006953461,humidity, 23.00
1583006953471,temperature, 73.76
1583006953471,co2,408.00
1583006953472,tvoc,  1.00
1583006956533,humidity, 23.00
1583006956543,temperature, 74.30
1583006956544,co2,423.00
1583006956544,tvoc,  3.00
1583006959709,humidity, 24.00
1583006959741,temperature, 74.30
1583006959742,co2,405.00
1583006959742,tvoc,  0.00
1583006962782,humidity, 24.00
1583006962801,temperature, 74.12
1583006962803,co2,717.00
1583006962803,tvoc, 48.00
1583006965646,humidity, 22.00
1583006965655,temperature, 73.76
1583006965656,co2,599.00
1583006965657,tvoc, 30.00
1583006968517,humidity, 23.00
1583006968526,temperature, 74.12
1583006968526,co2,527.00
1583006968527,tvoc, 19.00
1583006971586,humidity, 22.00
1583006971597,temperature, 75.92
1583006971597,co2,686.00
1583006971598,tvoc, 43.00
1583006974554,humidity, 23.00
1583006974568,temperature, 73.94
1583006974569,co2,481.00
1583006974569,tvoc, 12.00
1583006977594,humidity, 23.00
1583006977603,temperature, 74.12
1583006977603,co2,553.00
1583006977604,tvoc, 23.00
1583006980628,humidity, 23.00
1583006980639,temperature, 74.30
1583006980640,co2,539.00
1583006980640,tvoc, 21.00
1583006983668,humidity, 23.00
1583006983679,temperature, 73.94
1583006983679,co2,520.00
1583006983679,tvoc, 18.00
1583006986741,humidity, 23.00
1583006986753,temperature, 73.94
1583006986753,co2,520.00
1583006986754,tvoc, 18.00
1583006989812,humidity, 23.00
1583006989820,temperature, 74.30
1583006989821,co2,529.00
1583006989821,tvoc, 19.00
1583006992884,humidity, 23.00
1583006992897,temperature, 73.94
1583006992897,co2,529.00
1583006992898,tvoc, 19.00
1583006995805,humidity, 23.00
1583006995815,temperature, 74.12
1583006995815,co2,502.00
1583006995816,tvoc, 15.00
1583006998838,humidity, 23.00
1583006998846,temperature, 74.12
1583006998846,co2,506.00
1583006998847,tvoc, 16.00
1583007001896,humidity, 23.00
1583007001906,temperature, 74.12
1583007001906,co2,506.00
1583007001907,tvoc, 16.00
1583007004967,humidity, 23.00
1583007005010,temperature, 74.30
1583007005010,co2,492.00
1583007005011,tvoc, 14.00
1583007008052,humidity, 23.00
1583007008122,temperature, 73.94
1583007008122,co2,492.00
1583007008123,tvoc, 14.00
1583007011114,humidity, 23.00
1583007011125,temperature, 73.94
1583007011126,co2,492.00
1583007011126,tvoc, 14.00
1583007014019,humidity, 23.00
1583007014027,temperature, 74.12
1583007014027,co2,506.00
1583007014028,tvoc, 16.00
1583007017058,humidity, 23.00
1583007017116,temperature, 73.76
1583007017117,co2,480.00
1583007017117,tvoc, 12.00
1583007020123,humidity, 23.00
1583007020132,temperature, 73.94
1583007020132,co2,548.00
1583007020132,tvoc, 22.00
1583007023195,humidity, 23.00
1583007023203,temperature, 71.60
1583007023203,co2,529.00
1583007023204,tvoc, 19.00
1583007026163,humidity, 23.00
1583007026178,temperature, 74.30
1583007026179,co2,466.00
1583007026179,tvoc, 10.00
1583007029213,humidity, 23.00
1583007029224,temperature, 74.12
1583007029224,co2,492.00
1583007029224,tvoc, 14.00
1583007032411,humidity, 23.00
1583007032419,temperature, 74.30
1583007032420,co2,466.00
1583007032420,tvoc, 10.00
1583007035278,humidity, 23.00
1583007035290,temperature, 74.30
1583007035291,co2,466.00
1583007035291,tvoc, 10.00
1583007038350,humidity, 23.00
1583007038363,temperature, 74.12
1583007038363,co2,454.00
1583007038363,tvoc,  8.00
1583007041422,humidity, 23.00
1583007041435,temperature, 72.68
1583007041435,co2,1380.00
1583007041435,tvoc,149.00
1583007044494,humidity, 21.00
1583007044518,temperature, 72.86
1583007044519,co2,1349.00
1583007044519,tvoc,144.00
1583007047464,humidity, 22.00
1583007047479,temperature, 73.22
1583007047480,co2,400.00
1583007047480,tvoc,  0.00
1583007050637,humidity, 21.00
1583007050649,temperature, 72.32
1583007050649,co2,1153.00
1583007050649,tvoc,114.00
1583007053505,humidity, 24.00
1583007053564,temperature, 74.30
1583007053564,co2,643.00
1583007053565,tvoc, 37.00
1583007056577,humidity, 22.00
1583007056586,temperature, 73.22
1583007056586,co2,1611.00
1583007056587,tvoc,256.00
1583007059649,humidity, 21.00
1583007059659,temperature, 73.04
1583007059659,co2,1694.00
1583007059660,tvoc,332.00
1583007062721,humidity, 21.00
1583007062746,temperature, 73.22
1583007062747,co2,1772.00
1583007062747,tvoc,417.00
1583007065686,humidity, 21.00
1583007065698,temperature, 73.04
1583007065698,co2,1508.00
1583007065698,tvoc,177.00
1583007068865,humidity, 21.00
1583007068873,temperature, 73.22
1583007068873,co2,1594.00
1583007068874,tvoc,239.00
1583007071732,humidity, 21.00
1583007071759,temperature, 73.22
1583007071759,co2,1751.00
1583007071761,tvoc,391.00
1583007074804,humidity, 21.00
1583007074887,temperature, 73.22
1583007074887,co2,1803.00
1583007074888,tvoc,452.00
1583007077951,humidity, 20.00
1583007077964,temperature, 73.04
1583007077964,co2,1832.00
1583007077965,tvoc,490.00
1583007080807,humidity, 20.00
1583007080817,temperature, 73.22
1583007080818,co2,1803.00
1583007080819,tvoc,452.00
1583007084020,humidity, 20.00
1583007084029,temperature, 73.58
1583007084030,co2,1777.00
1583007084030,tvoc,424.00
1583007087092,humidity, 20.00
1583007087100,temperature, 73.04
1583007087100,co2,1772.00
1583007087101,tvoc,417.00
1583007089960,humidity, 20.00
1583007089970,temperature, 73.40
1583007089971,co2,1751.00
1583007089971,tvoc,391.00
1583007092945,humidity, 20.00
1583007092953,temperature, 73.22
1583007092954,co2,1744.00
1583007092954,tvoc,385.00
1583007096119,humidity, 20.00
1583007096131,temperature, 73.22
1583007096131,co2,1721.00
1583007096131,tvoc,359.00
1583007099175,humidity, 20.00
1583007099194,temperature, 73.22
1583007099194,co2,1714.00
1583007099195,tvoc,352.00
1583007102054,humidity, 20.00
1583007102063,temperature, 73.40
1583007102064,co2,1700.00
1583007102064,tvoc,338.00
1583007105099,humidity, 20.00
1583007105106,temperature, 73.04
1583007105107,co2,1815.00
1583007105107,tvoc,469.00
1583007108191,humidity, 20.00
1583007108203,temperature, 73.40
1583007108204,co2,1777.00
1583007108204,tvoc,424.00
1583007111260,humidity, 21.00
1583007111269,temperature, 73.04
1583007111270,co2,1714.00
1583007111270,tvoc,352.00
1583007114331,humidity, 21.00
1583007114339,temperature, 73.40
1583007114339,co2,2753.00
1583007114340,tvoc,2337.00
1583007117231,humidity, 21.00
1583007117239,temperature, 73.22
1583007117239,co2,1751.00
1583007117240,tvoc,391.00
1583007120475,humidity, 21.00
1583007120483,temperature, 73.40
1583007120483,co2,1687.00
1583007120483,tvoc,326.00
1583007123343,humidity, 21.00
1583007123351,temperature, 73.58
1583007123351,co2,1905.00
1583007123352,tvoc,592.00
1583007126414,humidity, 21.00
1583007126424,temperature, 73.40
1583007126424,co2,1887.00
1583007126424,tvoc,567.00
1583007129492,humidity, 22.00
1583007129502,temperature, 73.04
1583007129502,co2,1777.00
1583007129502,tvoc,424.00
1583007132583,humidity, 22.00
1583007132594,temperature, 73.40
1583007132594,co2,1611.00
1583007132595,tvoc,256.00
1583007135630,humidity, 22.00
1583007135638,temperature, 73.58
1583007135638,co2,1694.00
1583007135639,tvoc,332.00
1583007138497,humidity, 22.00
1583007138505,temperature, 73.40
1583007138506,co2,1569.00
1583007138507,tvoc,221.00
1583007141569,humidity, 22.00
1583007141578,temperature, 73.40
1583007141579,co2,1553.00
1583007141579,tvoc,209.00
1583007144641,humidity, 21.00
1583007144649,temperature, 73.58
1583007144649,co2,1542.00
1583007144650,tvoc,200.00
1583007147591,humidity, 21.00
1583007147599,temperature, 73.58
1583007147600,co2,1542.00
1583007147600,tvoc,200.00
1583007150786,humidity, 21.00
1583007150793,temperature, 73.76
1583007150794,co2,1529.00
1583007150794,tvoc,191.00
1583007154119,humidity, 21.00
1583007154130,temperature, 73.58
1583007154130,co2,1513.00
1583007154131,tvoc,180.00
1583007156910,humidity, 21.00
1583007156925,temperature, 73.58
1583007156925,co2,1499.00
1583007156925,tvoc,171.00
1583007159796,humidity, 21.00
1583007159807,temperature, 73.76
1583007159807,co2,1503.00
1583007159808,tvoc,174.00
1583007162868,humidity, 21.00
1583007162878,temperature, 73.58
1583007162878,co2,1575.00
1583007162879,tvoc,226.00
1583007165949,humidity, 20.00
1583007166024,temperature, 73.22
1583007166024,co2,1520.00
1583007166025,tvoc,185.00
1583007168837,humidity, 21.00
1583007168847,temperature, 73.40
1583007168848,co2,1393.00
1583007168848,tvoc,151.00
1583007171884,humidity, 21.00
1583007171898,temperature, 73.04
1583007171898,co2,1330.00
1583007171899,tvoc,141.00
1583007174952,humidity, 21.00
1583007174958,temperature, 73.58
1583007174959,co2,1291.00
1583007174959,tvoc,135.00
1583007178023,humidity, 21.00
1583007178032,temperature, 73.22
1583007178032,co2,1330.00
1583007178033,tvoc,141.00
1583007180993,humidity, 22.00
1583007181004,temperature, 73.40
1583007181004,co2,1367.00
1583007181005,tvoc,147.00
1583007184167,humidity, 22.00
1583007184176,temperature, 73.76
1583007184176,co2,552.00
1583007184177,tvoc, 23.00
1583007187065,humidity, 23.00
1583007187075,temperature, 73.22
1583007187076,co2,1744.00
1583007187076,tvoc,385.00
1583007190106,humidity, 21.00
1583007190115,temperature, 73.58
1583007190115,co2,1721.00
1583007190116,tvoc,359.00
1583007193189,humidity, 22.00
1583007193201,temperature, 73.40
1583007193202,co2,1682.00
1583007193202,tvoc,321.00
1583007478882,co2,401.00
1583007478883,tvoc,  0.00
1583007481741,humidity, 18.00
1583007481750,temperature, 76.10
1583007481750,co2,400.00
1583007481751,tvoc,  0.00
1583007484813,humidity, 19.00
1583007484820,temperature, 75.74
1583007484821,co2,400.00
1583007484821,tvoc,  0.00
1583007487886,humidity, 19.00
1583007487895,temperature, 75.74
1583007487895,co2,403.00
1583007487896,tvoc,  0.00
1583007490957,humidity, 19.00
1583007490967,temperature, 75.92
1583007490967,co2,463.00
1583007490967,tvoc,  9.00
1583007493928,humidity, 18.00
1583007493941,temperature, 75.92
1583007493941,co2,400.00
1583007493941,tvoc,  0.00
1583007496869,humidity, 18.00
1583007496878,temperature, 76.10
1583007496879,co2,400.00
1583007496879,tvoc,  0.00
1583007500284,humidity, 18.00
1583007500310,temperature, 75.20
1583007500310,co2,413.00
1583007500311,tvoc,  1.00
1583007503153,humidity, 18.00
1583007503163,temperature, 75.74
1583007503164,co2,420.00
1583007503164,tvoc,  3.00
1583007506011,humidity, 18.00
1583007506023,temperature, 75.92
1583007506024,co2,400.00
1583007506024,tvoc,  0.00
1583007509083,humidity, 18.00
1583007509094,temperature, 75.74
1583007509095,co2,400.00
1583007509095,tvoc,  0.00
1583007512155,humidity, 17.00
1583007512167,temperature, 75.74
1583007512167,co2,400.00
1583007512168,tvoc,  0.00
1583007515227,humidity, 17.00
1583007515236,temperature, 75.92
1583007515236,co2,408.00
1583007515237,tvoc,  1.00
1583007518299,humidity, 17.00
1583007518310,temperature, 75.20
1583007518311,co2,405.00
1583007518311,tvoc,  0.00
1583007521371,humidity, 17.00
1583007521385,temperature, 75.56
1583007521385,co2,410.00
1583007521387,tvoc,  1.00
1583007524239,humidity, 17.00
1583007524254,temperature, 74.84
1583007524254,co2,427.00
1583007524255,tvoc,  4.00
1583007527515,humidity, 17.00
1583007527525,temperature, 75.56
1583007527525,co2,416.00
1583007527526,tvoc,  2.00
1583007530382,humidity, 17.00
1583007530390,temperature, 75.74
1583007530390,co2,409.00
1583007530391,tvoc,  1.00
1583007533454,humidity, 17.00
1583007533467,temperature, 75.38
1583007533468,co2,403.00
1583007533470,tvoc,  0.00
1583007536525,humidity, 17.00
1583007536540,temperature, 75.56
1583007536540,co2,422.00
1583007536540,tvoc,  3.00
1583007539393,humidity, 17.00
1583007539404,temperature, 75.74
1583007539405,co2,403.00
1583007539406,tvoc,  0.00
1583007542465,humidity, 17.00
1583007542477,temperature, 74.30
1583007542477,co2,400.00
1583007542478,tvoc,  0.00
1583007545537,humidity, 17.00
1583007545548,temperature, 74.84
1583007545549,co2,416.00
1583007545550,tvoc,  2.00
1583007548609,humidity, 17.00
1583007548621,temperature, 73.76
1583007548622,co2,493.00
1583007548622,tvoc, 14.00
1583007551681,humidity, 20.00
1583007551694,temperature, 73.58
1583007551695,co2,793.00
1583007551695,tvoc, 59.00
1583007554753,humidity, 21.00
1583007554762,temperature, 73.76
1583007554763,co2,675.00
1583007554763,tvoc, 41.00
1583007557621,humidity, 22.00
1583007557649,temperature, 73.58
1583007557649,co2,476.00
1583007557650,tvoc, 11.00
1583007560693,humidity, 22.00
1583007560702,temperature, 73.58
1583007560702,co2,466.00
1583007560703,tvoc, 10.00
1583007563690,humidity, 22.00
1583007563698,temperature, 74.84
1583007563698,co2,783.00
1583007563699,tvoc, 58.00
1583007566836,humidity, 23.00
1583007566848,temperature, 73.40
1583007566848,co2,1801.00
1583007566849,tvoc,451.00
1583007569908,humidity, 22.00
1583007569917,temperature, 73.94
1583007569917,co2,964.00
1583007569918,tvoc, 85.00
1583007572762,humidity, 22.00
1583007572797,temperature, 73.76
1583007572797,co2,821.00
1583007572797,tvoc, 64.00
1583007575847,humidity, 22.00
1583007575856,temperature, 74.12
1583007575856,co2,964.00
1583007575857,tvoc, 85.00
1583007578919,humidity, 21.00
1583007578945,temperature, 74.12
1583007578945,co2,923.00
1583007578946,tvoc, 79.00
1583007581992,humidity, 21.00
1583007582007,temperature, 74.84
1583007582008,co2,956.00
1583007582009,tvoc, 84.00
1583007585065,humidity, 21.00
1583007585074,temperature, 75.02
1583007585074,co2,715.00
1583007585075,tvoc, 47.00
1583007587945,humidity, 21.00
1583007587957,temperature, 73.76
1583007587957,co2,697.00
1583007587958,tvoc, 45.00
1583007591002,humidity, 20.00
1583007591019,temperature, 74.30
1583007591020,co2,1533.00
1583007591021,tvoc,194.00
1583007594074,humidity, 18.00
1583007594088,temperature, 73.40
1583007594088,co2,1478.00
1583007594089,tvoc,164.00
1583007597146,humidity, 18.00
1583007597157,co2,1408.00
1583007597157,temperature, 73.40
1583007597158,tvoc,153.00
1583007600218,humidity, 18.00
1583007600232,temperature, 73.58
1583007600233,co2,1184.00
1583007600233,tvoc,119.00
1583007603292,humidity, 18.00
1583007603303,temperature, 73.22
1583007603303,co2,400.00
1583007603303,tvoc,  0.00
1583007606362,humidity, 22.00
1583007606372,temperature, 75.92
1583007606372,co2,531.00
1583007606373,tvoc, 19.00
1583007609230,humidity, 23.00
1583007609242,temperature, 76.10
1583007609242,co2,895.00
1583007609243,tvoc, 75.00
1583007612303,humidity, 23.00
1583007612310,temperature, 76.46
1583007612311,co2,2110.00
1583007612312,tvoc,943.00
1583007616003,humidity, 19.00
1583007616016,temperature, 74.84
1583007616016,co2,2178.00
1583007616017,tvoc,1093.00
1583007618299,humidity, 19.00
1583007618308,temperature, 75.74
1583007618308,co2,2270.00
1583007618309,tvoc,1290.00
1583007621517,humidity, 19.00
1583007621526,temperature, 73.04
1583007621526,co2,2035.00
1583007621527,tvoc,810.00
1583007624385,humidity, 19.00
1583007624398,temperature, 73.40
1583007624398,co2,2393.00
1583007624399,tvoc,1557.00
1583007627457,humidity, 19.00
1583007627469,temperature, 73.94
1583007627470,co2,1914.00
1583007627471,tvoc,607.00
1583007630438,humidity, 20.00
1583007630446,temperature, 74.48
1583007630447,co2,2001.00
1583007630448,tvoc,748.00
1583007633601,humidity, 19.00
1583007633611,temperature, 75.92
1583007633611,co2,2359.00
1583007633612,tvoc,1477.00
1583007636673,humidity, 20.00
1583007636691,temperature, 74.84
1583007636691,co2,2138.00
1583007636692,tvoc,1005.00
1583007639630,humidity, 20.00
1583007639647,temperature, 75.74
1583007639648,co2,2088.00
1583007639648,tvoc,897.00
1583007642612,humidity, 19.00
1583007642625,temperature, 73.04
1583007642626,co2,2257.00
1583007642627,tvoc,1262.00
1583007645687,humidity, 20.00
1583007645701,temperature, 73.40
1583007645702,co2,2096.00
1583007645702,tvoc,913.00
1583007648755,humidity, 20.00
1583007648764,temperature, 73.40
1583007648765,co2,2251.00
1583007648765,tvoc,1248.00
1583007651689,humidity, 20.00
1583007651699,temperature, 73.04
1583007651700,co2,1738.00
1583007651701,tvoc,374.00
1583007654900,humidity, 21.00
1583007654908,temperature, 73.58
1583007654909,co2,1892.00
1583007654909,tvoc,573.00
1583007657768,humidity, 21.00
1583007657781,temperature, 73.40
1583007657782,co2,1692.00
1583007657782,tvoc,331.00
1583007660838,humidity, 21.00
1583007660853,temperature, 73.22
1583007660854,co2,1841.00
1583007660854,tvoc,503.00
1583007663911,humidity, 21.00
1583007663934,temperature, 73.04
1583007663935,co2,2279.00
1583007663935,tvoc,1315.00
1583007666864,humidity, 21.00
1583007666874,temperature, 73.58
1583007666875,co2,2168.00
1583007666875,tvoc,1071.00
1583007670060,humidity, 21.00
1583007670067,temperature, 73.04
1583007670067,co2,2251.00
1583007670068,tvoc,1248.00
1583007672974,humidity, 22.00
1583007672988,temperature, 73.04
1583007672988,co2,2150.00
1583007672988,tvoc,1031.00
1583007675994,humidity, 22.00
1583007676002,temperature, 73.22
1583007676003,co2,2110.00
1583007676004,tvoc,943.00
1583007679066,humidity, 21.00
1583007679075,temperature, 73.04
1583007679075,co2,2096.00
1583007679076,tvoc,913.00
1583007682138,humidity, 21.00
1583007682155,temperature, 73.04
1583007682155,co2,2088.00
1583007682156,tvoc,897.00
1583007685210,humidity, 20.00
1583007685221,temperature, 73.04
1583007685223,co2,2062.00
1583007685223,tvoc,846.00
1583007688283,humidity, 20.00
1583007688295,temperature, 73.58
1583007688295,co2,1207.00
1583007688296,tvoc,122.00
1583007691354,humidity, 22.00
1583007691375,temperature, 73.22
1583007691375,co2,1536.00
1583007691376,tvoc,196.00
1583007694221,humidity, 20.00
1583007694229,temperature, 75.74
1583007694230,co2,1953.00
1583007694230,tvoc,667.00
1583007697222,humidity, 19.00
1583007697237,temperature, 75.38
1583007697237,co2,1953.00
1583007697237,tvoc,667.00
1583007700365,humidity, 19.00
1583007700378,temperature, 75.74
1583007700379,co2,1922.00
1583007700379,tvoc,619.00
1583007703437,humidity, 19.00
1583007703449,temperature, 75.74
1583007703450,co2,1922.00
1583007703450,tvoc,619.00
1583007706509,humidity, 19.00
1583007706528,temperature, 75.38
1583007706528,co2,1914.00
1583007706528,tvoc,607.00
1583007709376,humidity, 18.00
1583007709388,temperature, 75.02
1583007709388,co2,1908.00
1583007709389,tvoc,596.00
1583007712448,humidity, 19.00
1583007712460,temperature, 74.12
1583007712460,co2,1908.00
1583007712461,tvoc,596.00
1583007715521,humidity, 18.00
1583007715529,temperature, 74.12
1583007715529,co2,1900.00
1583007715530,tvoc,586.00
1583007718600,humidity, 19.00
1583007718611,temperature, 73.22
1583007718612,co2,1892.00
1583007718613,tvoc,573.00
1583007721665,humidity, 18.00
1583007721674,temperature, 73.04
1583007721674,co2,1885.00
1583007721674,tvoc,564.00
1583007724737,humidity, 18.00
1583007724745,temperature, 73.76
1583007724746,co2,1868.00
1583007724746,tvoc,542.00
1583007727604,humidity, 18.00
1583007727612,temperature, 73.22
1583007727612,co2,1853.00
1583007727613,tvoc,521.00
1583007730676,humidity, 18.00
1583007730695,temperature, 72.86
1583007730696,co2,1853.00
1583007730696,tvoc,521.00
1583007733952,humidity, 18.00
1583007733971,temperature, 73.04
1583007733971,co2,1848.00
1583007733972,tvoc,513.00
1583007736820,humidity, 18.00
1583007736828,temperature, 73.04
1583007736828,co2,1829.00
1583007736829,tvoc,487.00
1583007739892,humidity, 18.00
1583007739905,temperature, 73.04
1583007739906,co2,1829.00
1583007739906,tvoc,487.00
1583007742965,humidity, 18.00
1583007742974,temperature, 73.04
1583007742974,co2,1829.00
1583007742974,tvoc,487.00
1583007745791,humidity, 18.00
1583007745810,temperature, 73.22
1583007745810,co2,1829.00
1583007745811,tvoc,487.00
1583007748903,humidity, 18.00
1583007748913,temperature, 73.04
1583007748913,co2,1822.00
1583007748914,tvoc,477.00
1583007751975,humidity, 18.00
1583007751988,temperature, 73.04
1583007751989,co2,1808.00
1583007751989,tvoc,458.00
1583007755253,humidity, 18.00
1583007755262,temperature, 73.04
1583007755262,co2,1814.00
1583007755262,tvoc,468.00
1583007758119,humidity, 18.00
1583007758131,temperature, 72.86
1583007758131,co2,1808.00
1583007758132,tvoc,458.00
1583007760975,humidity, 18.00
1583007760991,temperature, 73.04
1583007760991,co2,1801.00
1583007760992,tvoc,451.00
1583007764059,humidity, 18.00
1583007764067,temperature, 73.04
1583007764068,co2,1792.00
1583007764068,tvoc,441.00
1583007767037,humidity, 18.00
1583007767043,temperature, 73.04
1583007767043,co2,1785.00
1583007767044,tvoc,434.00
1583007770205,humidity, 18.00
1583007770228,temperature, 72.86
1583007770229,co2,1774.00
1583007770229,tvoc,418.00
1583007773274,humidity, 18.00
1583007773286,temperature, 72.86
1583007773287,co2,1774.00
1583007773287,tvoc,418.00
1583007776244,humidity, 18.00
1583007776260,temperature, 74.48
1583007776260,co2,1761.00
1583007776261,tvoc,404.00
1583007779315,humidity, 18.00
1583007779325,temperature, 73.22
1583007779326,co2,1738.00
1583007779326,tvoc,374.00
1583007782388,humidity, 18.00
1583007782402,temperature, 73.04
1583007782402,co2,1829.00
1583007782403,tvoc,487.00
1583007785461,humidity, 18.00
1583007785474,temperature, 73.22
1583007785476,co2,1756.00
1583007785476,tvoc,396.00
1583007788332,humidity, 18.00
1583007788377,temperature, 73.04
1583007788378,co2,1731.00
1583007788378,tvoc,369.00
1583007791402,humidity, 18.00
1583007791415,temperature, 73.04
1583007791415,co2,1731.00
1583007791416,tvoc,369.00
1583007794472,humidity, 18.00
1583007794482,temperature, 73.04
1583007794483,co2,1710.00
1583007794484,tvoc,349.00
1583007797544,humidity, 18.00
1583007797557,temperature, 72.86
1583007797558,co2,1698.00
1583007797558,tvoc,336.00
1583007800651,humidity, 18.00
1583007800662,temperature, 73.04
1583007800663,co2,1703.00
1583007800663,tvoc,341.00
1583007803482,humidity, 18.00
1583007803494,temperature, 73.04
1583007803494,co2,1669.00
1583007803494,tvoc,308.00
1583007806564,humidity, 18.00
1583007806572,temperature, 72.86
1583007806573,co2,1698.00
1583007806573,tvoc,336.00
1583007809627,humidity, 18.00
1583007809641,temperature, 73.04
1583007809642,co2,1692.00
1583007809642,tvoc,331.00
1583007812621,humidity, 18.00
1583007812635,temperature, 73.76
1583007812636,co2,1692.00
1583007812636,tvoc,331.00
1583007815771,humidity, 18.00
1583007815782,temperature, 73.04
1583007815783,co2,1680.00
1583007815783,tvoc,319.00
1583007818858,humidity, 18.00
1583007818867,temperature, 72.86
1583007818868,co2,1676.00
1583007818868,tvoc,314.00
1583007821709,humidity, 18.00
1583007821719,temperature, 72.86
1583007821720,co2,1680.00
1583007821720,tvoc,319.00
1583007824911,humidity, 18.00
1583007824929,temperature, 72.86
1583007824930,co2,1664.00
1583007824930,tvoc,303.00
1583007827859,humidity, 18.00
1583007827869,temperature, 73.04
1583007827869,co2,1664.00
1583007827869,tvoc,303.00
1583007830926,humidity, 18.00
1583007830934,temperature, 72.50
1583007830936,co2,1647.00
1583007830937,tvoc,287.00
1583007833821,humidity, 18.00
1583007833830,temperature, 73.22
1583007833830,co2,1659.00
1583007833830,tvoc,297.00
1583007837069,humidity, 18.00
1583007837085,temperature, 73.04
1583007837086,co2,1654.00
1583007837086,tvoc,293.00
1583007839937,humidity, 18.00
1583007839949,temperature, 72.86
1583007839949,co2,1628.00
1583007839950,tvoc,271.00
1583007842993,humidity, 18.00
1583007843015,temperature, 72.86
1583007843016,co2,1628.00
1583007843016,tvoc,271.00
1583007846080,humidity, 18.00
1583007846088,temperature, 73.04
1583007846088,co2,1624.00
1583007846089,tvoc,267.00
1583007849358,humidity, 18.00
1583007849380,temperature, 73.22
1583007849380,co2,1647.00
1583007849381,tvoc,287.00
1583007852226,humidity, 18.00
1583007852239,temperature, 72.86
1583007852239,co2,1635.00
1583007852240,tvoc,277.00
1583007855073,humidity, 18.00
1583007855084,temperature, 72.86
1583007855084,co2,1612.00
1583007855085,tvoc,257.00
1583007858169,humidity, 18.00
1583007858181,temperature, 73.22
1583007858181,co2,1608.00
1583007858182,tvoc,254.00
1583007861441,humidity, 18.00
1583007861455,temperature, 73.04
1583007861456,co2,1618.00
1583007861456,tvoc,262.00
1583007864310,humidity, 19.00
1583007864319,temperature, 73.04
1583007864320,co2,1612.00
1583007864321,tvoc,257.00
1583007867380,humidity, 19.00
1583007867399,temperature, 72.86
1583007867399,co2,1608.00
1583007867400,tvoc,254.00
1583007870260,humidity, 18.00
1583007870269,temperature, 73.22
1583007870269,co2,1618.00
1583007870270,tvoc,262.00
1583007873320,humidity, 18.00
1583007873328,temperature, 73.04
1583007873329,co2,1612.00
1583007873329,tvoc,257.00
1583007876413,humidity, 19.00
1583007876428,temperature, 73.04
1583007876428,co2,1583.00
1583007876429,tvoc,231.00
1583007879467,humidity, 18.00
1583007879477,temperature, 72.86
1583007879477,co2,1575.00
1583007879478,tvoc,226.00
1583007882537,humidity, 18.00
1583007882548,temperature, 72.86
1583007882549,co2,1566.00
1583007882549,tvoc,219.00
1583007885606,humidity, 18.00
1583007885618,temperature, 72.86
1583007885618,co2,1571.00
1583007885619,tvoc,222.00
1583007888678,humidity, 18.00
1583007888693,temperature, 72.86
1583007888693,co2,1566.00
1583007888693,tvoc,219.00
1583007891546,humidity, 18.00
1583007891558,temperature, 73.58
1583007891559,co2,1566.00
1583007891559,tvoc,219.00
1583007894618,humidity, 18.00
1583007894628,temperature, 73.04
1583007894629,co2,1559.00
1583007894629,tvoc,214.00
1583007897691,humidity, 19.00
1583007897699,temperature, 73.76
1583007897700,co2,1556.00
1583007897700,tvoc,211.00
1583007900762,humidity, 19.00
1583007900776,temperature, 73.04
1583007900777,co2,1540.00
1583007900777,tvoc,199.00
1583007903833,humidity, 19.00
1583007903846,temperature, 72.68
1583007903846,co2,1546.00
1583007903846,tvoc,204.00
1583007906678,humidity, 18.00
1583007906690,temperature, 72.86
1583007906690,co2,1502.00
1583007906690,tvoc,173.00
1583007909716,humidity, 18.00
1583007909724,temperature, 73.04
1583007909725,co2,1536.00
1583007909725,tvoc,196.00
1583007912847,humidity, 18.00
1583007912855,temperature, 72.86
1583007912855,co2,1532.00
1583007912856,tvoc,193.00
1583007915918,humidity, 19.00
1583007915934,temperature, 73.22
1583007915935,co2,1527.00
1583007915935,tvoc,190.00
1583007918991,humidity, 18.00
1583007919008,temperature, 72.68
1583007919008,co2,1521.00
1583007919009,tvoc,186.00
1583007922064,humidity, 18.00
1583007922077,temperature, 73.04
1583007922077,co2,1517.00
1583007922078,tvoc,183.00
1583007924928,humidity, 19.00
1583007924938,temperature, 72.86
1583007924938,co2,1512.00
1583007924939,tvoc,179.00
1583007928003,humidity, 18.00
1583007928020,temperature, 72.86
1583007928020,co2,1517.00
1583007928021,tvoc,183.00
1583007931072,humidity, 18.00
1583007931086,temperature, 72.86
1583007931086,co2,1478.00
1583007931087,tvoc,164.00
1583007934144,humidity, 18.00
1583007934160,temperature, 72.86
1583007934161,co2,1506.00
1583007934161,tvoc,176.00
1583007937217,humidity, 18.00
1583007937229,temperature, 72.68
1583007937229,tvoc,166.00
1583007937229,co2,1495.00
1583007940287,humidity, 19.00
1583007940299,temperature, 72.86
1583007940299,co2,1723.00
1583007940300,tvoc,360.00
1583007943157,humidity, 19.00
1583007943180,temperature, 72.86
1583007943180,co2,1612.00
1583007943180,tvoc,257.00
1583007946227,humidity, 19.00
1583007946242,temperature, 72.86
1583007946242,co2,1556.00
1583007946243,tvoc,211.00
1583007949300,humidity, 19.00
1583007949312,temperature, 73.22
1583007949312,co2,1588.00
1583007949313,tvoc,235.00
1583007952371,humidity, 19.00
1583007952387,temperature, 72.86
1583007952387,co2,1594.00
1583007952388,tvoc,239.00
1583007955443,humidity, 19.00
1583007955458,temperature, 73.04
1583007955458,co2,1536.00
1583007955458,tvoc,196.00
1583007958515,humidity, 19.00
1583007958528,temperature, 72.86
1583007958528,co2,1517.00
1583007958529,tvoc,183.00
1583007961416,humidity, 19.00
1583007961501,temperature, 72.86
1583007961501,co2,1506.00
1583007961501,tvoc,176.00
1583007964454,humidity, 19.00
1583007964467,temperature, 72.68
1583007964467,co2,1458.00
1583007964468,tvoc,161.00
1583007967526,humidity, 19.00
1583007967536,temperature, 72.86
1583007967537,co2,1478.00
1583007967537,tvoc,164.00
1583007970598,humidity, 19.00
1583007970613,temperature, 72.86
1583007970614,co2,1478.00
1583007970614,tvoc,164.00
1583007973672,humidity, 19.00
1583007973680,temperature, 72.86
1583007973680,co2,1445.00
1583007973680,tvoc,159.00
1583007976538,humidity, 19.00
1583007976546,temperature, 72.68
1583007976547,co2,1496.00
1583007976547,tvoc,169.00
1583007979820,humidity, 19.00
1583007979832,temperature, 72.86
1583007979832,co2,1527.00
1583007979834,tvoc,190.00
1583007982675,humidity, 19.00
1583007982691,temperature, 72.68
1583007982691,co2,1458.00
1583007982691,tvoc,161.00
1583007985709,humidity, 19.00
1583007985722,temperature, 72.86
1583007985722,co2,1356.00
1583007985722,tvoc,145.00
1583007988825,humidity, 19.00
1583007988834,temperature, 73.22
1583007988835,co2,1372.00
1583007988835,tvoc,148.00
1583007991681,humidity, 19.00
1583007991690,temperature, 72.86
1583007991690,co2,1478.00
1583007991691,tvoc,164.00
1583007994765,humidity, 19.00
1583007994781,temperature, 73.04
1583007994781,co2,1372.00
1583007994782,tvoc,148.00
1583007999274,humidity, 19.00
1583007999287,temperature, 72.86
1583007999287,co2,1425.00
1583007999288,tvoc,156.00
1583008000909,humidity, 19.00
1583008000919,temperature, 73.40
1583008000919,co2,1270.00
1583008000920,tvoc,132.00
1583008003980,humidity, 19.00
1583008003994,temperature, 73.58
1583008003994,co2,1144.00
1583008003995,tvoc,113.00
1583008007053,humidity, 19.00
1583008007063,temperature, 72.68
1583008007064,co2,1191.00
1583008007064,tvoc,120.00
1583008009920,humidity, 19.00
1583008009927,temperature, 72.86
1583008009927,co2,1178.00
1583008009928,tvoc,118.00
1583008012993,humidity, 19.00
1583008013001,temperature, 72.86
1583008013001,co2,1178.00
1583008013002,tvoc,118.00
1583008016064,humidity, 19.00
1583008016074,temperature, 73.76
1583008016074,co2,1178.00
1583008016075,tvoc,118.00
1583008019136,humidity, 20.00
1583008019148,temperature, 72.86
1583008019148,co2,1425.00
1583008019149,tvoc,156.00
1583008022035,humidity, 20.00
1583008022047,temperature, 73.04
1583008022047,co2,1144.00
1583008022047,tvoc,113.00
1583008025280,humidity, 20.00
1583008025293,temperature, 73.22
1583008025293,co2,1144.00
1583008025294,tvoc,113.00
1583008028104,humidity, 20.00
1583008028113,temperature, 73.04
1583008028113,co2,1118.00
1583008028114,tvoc,109.00
1583008031219,humidity, 19.00
1583008031229,temperature, 72.86
1583008031229,co2,1118.00
1583008031230,tvoc,109.00
1583008034291,humidity, 20.00
1583008034305,temperature, 73.58
1583008034305,co2,1105.00
1583008034306,tvoc,107.00
1583008037370,humidity, 19.00
1583008037378,temperature, 72.68
1583008037378,co2,1056.00
1583008037379,tvoc, 99.00
1583008040456,humidity, 19.00
1583008040466,temperature, 73.76
1583008040466,co2,1065.00
1583008040467,tvoc,101.00
1583008043507,humidity, 19.00
1583008043518,temperature, 72.32
1583008043518,co2,1056.00
1583008043519,tvoc, 99.00
1583008046374,humidity, 19.00
1583008046398,temperature, 72.86
1583008046398,co2,1065.00
1583008046399,tvoc,101.00
1583008049446,humidity, 19.00
1583008049510,temperature, 73.04
1583008049510,co2,1065.00
1583008049511,tvoc,101.00
1583008052518,humidity, 19.00
1583008052527,temperature, 72.68
1583008052527,co2,1056.00
1583008052528,tvoc, 99.00
1583008055592,humidity, 19.00
1583008055606,temperature, 73.04
1583008055606,co2,1041.00
1583008055607,tvoc, 97.00
1583008058670,humidity, 19.00
1583008058688,temperature, 73.22
1583008058688,co2,1001.00
1583008058689,tvoc, 91.00
1583008061734,humidity, 19.00
1583008061746,temperature, 72.68
1583008061747,co2,956.00
1583008061747,tvoc, 84.00
1583008064601,humidity, 19.00
1583008064616,temperature, 73.04
1583008064616,co2,987.00
1583008064617,tvoc, 89.00
1583008067674,humidity, 19.00
1583008067687,temperature, 73.04
1583008067688,co2,987.00
1583008067688,tvoc, 89.00
1583008070670,humidity, 19.00
1583008070683,temperature, 73.04
1583008070685,co2,987.00
1583008070685,tvoc, 89.00
1583008073818,humidity, 19.00
1583008073834,temperature, 72.68
1583008073835,co2,967.00
1583008073835,tvoc, 86.00
1583008076683,humidity, 19.00
1583008076697,temperature, 72.68
1583008076697,co2,956.00
1583008076697,tvoc, 84.00
1583008080003,humidity, 19.00
1583008080011,temperature, 73.58
1583008080011,co2,920.00
1583008080011,tvoc, 79.00
1583008082828,humidity, 19.00
1583008082836,temperature, 72.86
1583008082836,co2,920.00
1583008082837,tvoc, 79.00
1583008085782,humidity, 19.00
1583008085793,temperature, 72.14
1583008085793,co2,905.00
1583008085794,tvoc, 76.00
1583008088891,humidity, 19.00
1583008088905,temperature, 72.68
1583008088905,co2,905.00
1583008088906,tvoc, 76.00
1583008091943,humidity, 19.00
1583008091954,temperature, 72.86
1583008091954,co2,895.00
1583008091955,tvoc, 75.00
1583008095014,humidity, 19.00
1583008095025,temperature, 73.58
1583008095026,co2,885.00
1583008095026,tvoc, 73.00
1583008098097,humidity, 19.00
1583008098111,temperature, 73.58
1583008098112,co2,885.00
1583008098113,tvoc, 73.00
1583008101158,humidity, 19.00
1583008101172,temperature, 73.04
1583008101173,co2,885.00
1583008101173,tvoc, 73.00
1583008104025,humidity, 19.00
1583008104035,temperature, 73.04
1583008104036,co2,956.00
1583008104036,tvoc, 84.00
1583008107112,humidity, 19.00
1583008107125,temperature, 72.68
1583008107126,co2,865.00
1583008107126,tvoc, 70.00
1583008110169,humidity, 19.00
1583008110182,temperature, 73.04
1583008110183,co2,853.00
1583008110183,tvoc, 69.00
1583008113241,humidity, 19.00
1583008113255,temperature, 72.86
1583008113255,co2,844.00
1583008113256,tvoc, 67.00
1583008116313,humidity, 19.00
1583008116325,temperature, 72.86
1583008116326,co2,802.00
1583008116326,tvoc, 61.00
1583008119386,humidity, 19.00
1583008119406,temperature, 73.04
1583008119407,co2,815.00
1583008119407,tvoc, 63.00
1583008122253,humidity, 19.00
1583008122262,temperature, 72.86
1583008122263,co2,806.00
1583008122263,tvoc, 61.00
1583008125324,humidity, 19.00
1583008125338,temperature, 73.04
1583008125339,co2,802.00
1583008125339,tvoc, 61.00
1583008128397,humidity, 19.00
1583008128412,temperature, 72.32
1583008128413,co2,787.00
1583008128413,tvoc, 58.00
1583008131468,humidity, 19.00
1583008131483,temperature, 72.68
1583008131483,co2,802.00
1583008131484,tvoc, 61.00
1583008134540,humidity, 19.00
1583008134553,temperature, 73.04
1583008134553,co2,787.00
1583008134553,tvoc, 58.00
1583008137612,humidity, 19.00
1583008137621,temperature, 72.68
1583008137621,co2,770.00
1583008137622,tvoc, 56.00
1583008140479,humidity, 19.00
1583008140490,temperature, 72.68
1583008140490,co2,787.00
1583008140491,tvoc, 58.00
1583008143553,humidity, 19.00
1583008143566,temperature, 72.68
1583008143567,co2,765.00
1583008143567,tvoc, 55.00
1583008146623,humidity, 19.00
1583008146643,temperature, 72.86
1583008146643,co2,752.00
1583008146644,tvoc, 53.00
1583008149676,humidity, 19.00
1583008149687,temperature, 72.86
1583008149687,co2,752.00
1583008149688,tvoc, 53.00
1583008152767,humidity, 19.00
1583008152777,temperature, 73.04
1583008152778,co2,735.00
1583008152778,tvoc, 51.00
1583008155635,humidity, 19.00
1583008155646,temperature, 72.68
1583008155646,co2,708.00
1583008155647,tvoc, 46.00
1583008158708,humidity, 19.00
1583008158718,temperature, 72.68
1583008158718,co2,708.00
1583008158719,tvoc, 46.00
1583008161779,humidity, 19.00
1583008161794,temperature, 73.04
1583008161794,co2,555.00
1583008161795,tvoc, 23.00
1583008164715,humidity, 20.00
1583008164724,temperature, 73.22
1583008164724,co2,806.00
1583008164725,tvoc, 61.00
1583008167746,humidity, 20.00
1583008167755,temperature, 72.68
1583008167755,co2,815.00
1583008167756,tvoc, 63.00
1583008170791,humidity, 21.00
1583008170803,temperature, 73.22
1583008170804,co2,987.00
1583008170804,tvoc, 89.00
1583008173863,humidity, 20.00
1583008173879,temperature, 73.40
1583008173879,co2,930.00
1583008173880,tvoc, 80.00
1583008176911,humidity, 20.00
1583008176919,temperature, 73.94
1583008176919,co2,704.00
1583008176920,tvoc, 46.00
1583008180211,humidity, 20.00
1583008180221,temperature, 73.04
1583008180222,co2,592.00
1583008180222,tvoc, 29.00
1583008183078,humidity, 20.00
1583008183094,temperature, 74.12
1583008183094,co2,611.00
1583008183095,tvoc, 32.00
1583008186153,humidity, 20.00
1583008186164,temperature, 74.12
1583008186164,co2,778.00
1583008186165,tvoc, 57.00
1583008189017,humidity, 20.00
1583008189028,temperature, 73.94
1583008189028,co2,853.00
1583008189029,tvoc, 69.00
1583008192089,humidity, 21.00
1583008192103,temperature, 74.66
1583008192103,co2,623.00
1583008192104,tvoc, 33.00
1583008195161,humidity, 23.00
1583008195176,temperature, 73.40
1583008195176,co2,682.00
1583008195177,tvoc, 42.00
1583008198239,humidity, 23.00
1583008198252,temperature, 73.76
1583008198252,co2,744.00
1583008198253,tvoc, 52.00
1583008201141,humidity, 22.00
1583008201149,temperature, 73.94
1583008201149,co2,688.00
1583008201150,tvoc, 43.00
1583008204182,humidity, 21.00
1583008204197,temperature, 70.70
1583008204197,co2,537.00
1583008204198,tvoc, 20.00
1583008207246,humidity, 23.00
1583008207253,temperature, 75.56
1583008207253,co2,697.00
1583008207253,tvoc, 45.00
1583008210316,humidity, 23.00
1583008210324,temperature, 74.48
1583008210324,co2,480.00
1583008210325,tvoc, 12.00
1583008213388,humidity, 22.00
1583008213399,temperature, 73.04
1583008213399,co2,400.00
1583008213400,tvoc,  0.00
1583008216460,humidity, 23.00
1583008216468,temperature, 74.12
1583008216469,co2,783.00
1583008216469,tvoc, 58.00
1583008219353,humidity, 22.00
1583008219370,temperature, 75.20
1583008219371,co2,817.00
1583008219371,tvoc, 63.00
1583008222410,humidity, 21.00
1583008222436,temperature, 75.74
1583008222436,co2,597.00
1583008222437,tvoc, 30.00
1583008225472,humidity, 21.00
1583008225480,temperature, 75.56
1583008225480,co2,653.00
1583008225481,tvoc, 38.00
1583008228544,humidity, 21.00
1583008228553,temperature, 73.40
1583008228553,co2,612.00
1583008228553,tvoc, 32.00
1583008231620,humidity, 21.00
1583008231644,temperature, 73.58
1583008231645,co2,612.00
1583008231645,tvoc, 32.00
1583008234687,humidity, 21.00
1583008234699,temperature, 73.76
1583008234699,co2,612.00
1583008234700,tvoc, 32.00
1583008237759,humidity, 20.00
1583008237775,temperature, 74.48
1583008237776,co2,586.00
1583008237776,tvoc, 28.00
1583008240831,humidity, 20.00
1583008240843,temperature, 73.76
1583008240844,co2,523.00
1583008240844,tvoc, 18.00
1583008243698,humidity, 20.00
1583008243712,temperature, 73.58
1583008243712,co2,565.00
1583008243713,tvoc, 25.00
1583008246770,humidity, 20.00
1583008246786,temperature, 73.76
1583008246787,co2,565.00
1583008246787,tvoc, 25.00
1583008249842,humidity, 20.00
1583008249850,temperature, 73.76
1583008249851,co2,552.00
1583008249851,tvoc, 23.00
1583008252915,humidity, 20.00
1583008252949,temperature, 74.12
1583008252950,co2,546.00
1583008252950,tvoc, 22.00
1583008256086,humidity, 20.00
1583008256099,temperature, 74.30
1583008256101,co2,552.00
1583008256101,tvoc, 23.00
1583008258856,humidity, 19.00
1583008258895,temperature, 74.12
1583008258895,co2,539.00
1583008258895,tvoc, 21.00
1583008261925,humidity, 19.00
1583008261938,temperature, 74.12
1583008261938,co2,517.00
1583008261938,tvoc, 17.00
1583008264997,humidity, 19.00
1583008265008,temperature, 73.58
1583008265008,co2,495.00
1583008265008,tvoc, 14.00
1583008268069,humidity, 19.00
1583008268082,temperature, 73.58
1583008268082,co2,497.00
1583008268082,tvoc, 14.00
1583008271121,humidity, 19.00
1583008271132,temperature, 73.40
1583008271132,co2,495.00
1583008271132,tvoc, 14.00
1583008274008,humidity, 19.00
1583008274019,temperature, 72.68
1583008274020,co2,495.00
1583008274020,tvoc, 14.00
1583008277080,humidity, 19.00
1583008277093,temperature, 74.66
1583008277094,co2,495.00
1583008277094,tvoc, 14.00
1583008280151,humidity, 19.00
1583008280166,temperature, 73.58
1583008280166,co2,495.00
1583008280166,tvoc, 14.00
1583008283224,humidity, 19.00
1583008283236,temperature, 73.40
1583008283237,co2,497.00
1583008283237,tvoc, 14.00
1583008286295,humidity, 19.00
1583008286308,temperature, 73.40
1583008286309,co2,491.00
1583008286309,tvoc, 13.00
1583008289367,humidity, 19.00
1583008289378,temperature, 74.48
1583008289379,co2,486.00
1583008289379,tvoc, 13.00
1583008292237,humidity, 19.00
1583008292248,temperature, 74.12
1583008292248,co2,462.00
1583008292249,tvoc,  9.00
1583008295306,humidity, 19.00
1583008295321,temperature, 74.84
1583008295322,co2,476.00
1583008295322,tvoc, 11.00
1583008298378,humidity, 19.00
1583008298390,temperature, 74.30
1583008298390,co2,462.00
1583008298390,tvoc,  9.00
1583008301450,humidity, 19.00
1583008301464,temperature, 74.48
1583008301464,co2,434.00
1583008301464,tvoc,  5.00
1583008304523,humidity, 19.00
1583008304536,temperature, 74.12
1583008304536,co2,407.00
1583008304537,tvoc,  1.00
1583008307594,humidity, 19.00
1583008307605,temperature, 74.84
1583008307605,co2,400.00
1583008307605,tvoc,  0.00
1583008310461,humidity, 19.00
1583008310469,temperature, 75.20
1583008310470,co2,411.00
1583008310470,tvoc,  1.00
1583008313533,humidity, 19.00
1583008313540,temperature, 75.38
1583008313541,co2,410.00
1583008313541,tvoc,  1.00
1583008316492,humidity, 19.00
1583008316501,temperature, 75.38
1583008316501,co2,410.00
1583008316501,tvoc,  1.00
1583008319901,humidity, 19.00
1583008319920,temperature, 75.38
1583008319920,co2,802.00
1583008319921,tvoc, 61.00
1583008322749,humidity, 19.00
1583008322760,temperature, 72.86
1583008322760,co2,975.00
1583008322760,tvoc, 87.00
1583008325602,humidity, 28.00
1583008325610,temperature, 73.40
1583008325611,co2,400.00
1583008325611,tvoc,  0.00
1583008328688,humidity, 26.00
1583008328717,temperature, 73.04
1583008328718,co2,920.00
1583008328718,tvoc, 79.00
1583008360841,humidity, 26.00
1583008360861,temperature, 76.28
1583008363926,humidity, 13.00
1583008363937,temperature, 73.04
1583008363938,co2,400.00
1583008363938,tvoc,  0.00
1583008366802,humidity, 22.00
1583008366834,temperature, 73.04
1583008366835,co2,486.00
1583008366836,tvoc, 13.00
1583008370059,humidity, 23.00
1583008370073,temperature, 73.40
1583008370074,co2,506.00
1583008370074,tvoc, 16.00
1583008372924,humidity, 23.00
1583008372936,temperature, 73.22
1583008372937,co2,400.00
1583008372937,tvoc,  0.00
1583008375997,humidity, 22.00
1583008376011,temperature, 73.22
1583008376011,co2,889.00
1583008376011,tvoc, 74.00
1583008379067,humidity, 22.00
1583008379083,temperature, 73.58
1583008379083,co2,1465.00
1583008379084,tvoc,162.00
1583008382249,humidity, 21.00
1583008382349,temperature, 72.14
1583008382350,co2,913.00
1583008382350,tvoc, 78.00
1583008385211,humidity, 21.00
1583008385224,temperature, 73.58
1583008385224,co2,1820.00
1583008385225,tvoc,476.00
1583008388078,humidity, 19.00
1583008388087,temperature, 73.04
1583008388088,co2,400.00
1583008388088,tvoc,  0.00
1583008391151,humidity, 23.00
1583008391253,temperature, 73.04
1583008391253,co2,882.00
1583008391254,tvoc, 73.00
1583008394427,humidity, 22.00
1583008394439,temperature, 73.04
1583008394440,co2,959.00
1583008394440,tvoc, 85.00
1583008397294,humidity, 19.00
1583008397303,temperature, 73.04
1583008397303,co2,638.00
1583008397303,tvoc, 36.00
1583008400366,humidity, 24.00
1583008400375,temperature, 73.04
1583008400375,co2,744.00
1583008400376,tvoc, 52.00
1583008403438,humidity, 25.00
1583008403455,temperature, 72.86
1583008403455,co2,853.00
1583008403456,tvoc, 69.00
1583008406510,humidity, 25.00
1583008406533,temperature, 76.28
1583008406534,co2,2378.00
1583008406534,tvoc,1519.00
1583008409582,humidity, 22.00
1583008409690,temperature, 73.22
1583008409691,co2,2092.00
1583008409691,tvoc,903.00
1583008412449,humidity, 23.00
1583008412473,temperature, 73.22
1583008412474,co2,2251.00
1583008412474,tvoc,1243.00
1583008415521,humidity, 24.00
1583008415532,temperature, 73.04
1583008415532,co2,1796.00
1583008415533,tvoc,445.00
1583008418593,humidity, 26.00
1583008418611,temperature, 73.22
1583008418611,co2,2092.00
1583008418611,tvoc,903.00
1583008421665,humidity, 26.00
1583008421677,temperature, 73.40
1583008421678,co2,1960.00
1583008421678,tvoc,678.00
1583008424532,humidity, 25.00
1583008424550,co2,1917.00
1583008424550,temperature, 73.40
1583008424550,tvoc,611.00
1583008427605,humidity, 25.00
1583008427617,temperature, 73.04
1583008427617,co2,1595.00
1583008427618,tvoc,240.00
1583008430676,humidity, 25.00
1583008430688,temperature, 73.22
1583008430688,co2,1906.00
1583008430688,tvoc,594.00
1583008433631,humidity, 24.00
1583008433640,temperature, 73.04
1583008433640,co2,1948.00
1583008433640,tvoc,659.00
1583008436671,humidity, 25.00
1583008436687,co2,1809.00
1583008436687,temperature, 73.22
1583008436687,tvoc,460.00
1583008439686,humidity, 24.00
1583008439696,temperature, 73.22
1583008439696,co2,1741.00
1583008439696,tvoc,381.00
1583008442759,humidity, 24.00
1583008442770,temperature, 73.04
1583008442770,co2,1718.00
1583008442770,tvoc,356.00
1583008445831,humidity, 23.00
1583008445839,temperature, 73.04
1583008445840,co2,1828.00
1583008445840,tvoc,485.00
1583008448771,humidity, 23.00
1583008448782,temperature, 73.04
1583008448783,co2,1818.00
1583008448783,tvoc,473.00
1583008451984,humidity, 23.00
1583008452018,temperature, 73.40
1583008452018,co2,1739.00
1583008452018,tvoc,376.00
1583008455046,humidity, 22.00
1583008455055,temperature, 73.04
1583008455055,co2,1627.00
1583008455055,tvoc,269.00
1583008457913,humidity, 22.00
1583008457923,temperature, 73.40
1583008457923,co2,1823.00
1583008457923,tvoc,479.00
1583008460988,humidity, 22.00
1583008461000,temperature, 73.04
1583008461000,co2,1778.00
1583008461001,tvoc,425.00
1583008464057,humidity, 22.00
1583008464075,temperature, 73.04
1583008464075,co2,1823.00
1583008464075,tvoc,479.00
1583008467135,humidity, 22.00
1583008467151,temperature, 73.40
1583008467151,co2,1796.00
1583008467151,tvoc,445.00
1583008470202,humidity, 21.00
1583008470217,temperature, 73.22
1583008470217,co2,1823.00
1583008470218,tvoc,479.00
1583008473273,humidity, 21.00
1583008473286,temperature, 73.22
1583008473286,co2,400.00
1583008473286,tvoc,  0.00
1583008476551,humidity, 25.00
1583008476563,temperature, 73.76
1583008476563,co2,902.00
1583008476564,tvoc, 76.00
1583008479212,humidity, 12.00
1583008479226,temperature, 73.94
1583008482284,humidity, 21.00
1583008482298,temperature, 73.76
1583008485561,humidity, 20.00
1583008485575,temperature, 73.76
1583008488429,humidity, 20.00
1583008488441,temperature, 73.58
1583008491500,humidity, 20.00
1583008491555,temperature, 73.76
1583008494381,humidity, 19.00
1583008494409,temperature, 73.76
1583008497439,humidity, 19.00
1583008497451,temperature, 73.76
1583008500511,humidity, 19.00
1583008500523,temperature, 73.76
1583008503399,humidity, 19.00
1583008503408,temperature, 73.76
1583008506655,humidity, 19.00
1583008506663,temperature, 73.76
1583008509522,humidity, 19.00
1583008509541,temperature, 73.76
1583008512594,humidity, 19.00
1583008512604,temperature, 73.76
1583008515670,humidity, 19.00
1583008515680,temperature, 73.76
1583008518738,humidity, 18.00
1583008518752,temperature, 73.76
1583008521810,humidity, 19.00
1583008521821,temperature, 73.76
1583008524678,humidity, 18.00
1583008524697,temperature, 73.76
1583008527735,humidity, 18.00
1583008527747,temperature, 73.76
1583008530821,humidity, 18.00
1583008530830,temperature, 73.76
1583008533750,humidity, 18.00
1583008533762,temperature, 73.76
1583008536966,humidity, 18.00
1583008536975,temperature, 73.58
1583008539832,humidity, 18.00
1583008539843,temperature, 73.58
1583008542904,humidity, 18.00
1583008542920,temperature, 73.58
1583008545976,humidity, 18.00
1583008545984,temperature, 73.58
1583008549048,humidity, 18.00
1583008549056,temperature, 73.58
1583008552120,humidity, 17.00
1583008552134,temperature, 73.58
1583008555192,humidity, 18.00
1583008555212,temperature, 73.58
1583008558264,humidity, 18.00
1583008558272,temperature, 73.58
1583008561052,humidity, 18.00
1583008561059,temperature, 73.40
1583008564203,humidity, 18.00
1583008564215,temperature, 73.40
1583008567275,humidity, 18.00
1583008567294,temperature, 73.40
1583008570369,humidity, 18.00
1583008570384,temperature, 73.40
1583008573213,humidity, 17.00
1583008573229,temperature, 73.40
1583008576286,humidity, 18.00
1583008576294,temperature, 73.40
1583008579353,humidity, 18.00
1583008579374,temperature, 73.40
1583008582429,humidity, 18.00
1583008582437,temperature, 73.40
1583008585502,humidity, 18.00
1583008585514,temperature, 73.40
1583008611306,humidity, 18.00
1583008611318,temperature, 73.40
1583008614378,humidity, 14.00
1583008614389,temperature, 73.04
1583008614390,co2,400.00
1583008614390,tvoc,  0.00
1583008617450,humidity, 23.00
1583008617462,temperature, 75.74
1583008617462,co2,400.00
1583008617462,tvoc,  0.00
1583008620307,humidity, 23.00
1583008620317,temperature, 74.84
1583008620317,co2,400.00
1583008620317,tvoc,  0.00
1583008623325,humidity, 24.00
1583008623335,temperature, 73.04
1583008623335,co2,578.00
1583008623335,tvoc, 27.00
1583008626461,humidity, 24.00
1583008626471,temperature, 73.04
1583008626471,co2,400.00
1583008626471,tvoc,  0.00
1583008629534,humidity, 25.00
1583008629542,temperature, 76.10
1583008629543,co2,1587.00
1583008629543,tvoc,234.00
1583008632809,humidity, 22.00
1583008632820,temperature, 74.48
1583008632820,co2,1474.00
1583008632820,tvoc,163.00
1583008635472,humidity, 23.00
1583008635488,temperature, 74.48
1583008635489,co2,961.00
1583008635489,tvoc, 85.00
1583008638544,humidity, 22.00
1583008638555,temperature, 76.10
1583008638556,co2,566.00
1583008638556,tvoc, 25.00
1583008641615,humidity, 22.00
1583008641629,temperature, 75.74
1583008641629,co2,436.00
1583008641629,tvoc,  5.00
1583008644892,humidity, 22.00
1583008644906,temperature, 76.46
1583008644906,co2,443.00
1583008644906,tvoc,  6.00
1583008647760,humidity, 22.00
1583008647770,temperature, 76.28
1583008647770,co2,426.00
1583008647770,tvoc,  3.00
1583008650831,humidity, 21.00
1583008650843,temperature, 75.92
1583008650843,co2,436.00
1583008650843,tvoc,  5.00
1583008653681,humidity, 21.00
1583008653691,temperature, 76.28
1583008653692,co2,491.00
1583008653692,tvoc, 13.00
1583008680322,humidity, 21.00
1583008680330,temperature, 76.10
1583008683401,humidity, 15.00
1583008683417,temperature, 76.28
1583008683418,co2,400.00
1583008683418,tvoc,  0.00
1583008686466,humidity, 22.00
1583008686477,temperature, 76.10
1583008686477,co2,436.00
1583008686477,tvoc,  5.00
1583008689539,humidity, 22.00
1583008689552,temperature, 73.22
1583008689553,co2,596.00
1583008689553,tvoc, 29.00
1583008692433,humidity, 21.00
1583008692449,temperature, 73.58
1583008692449,co2,502.00
1583008692450,tvoc, 15.00
1583008695503,humidity, 21.00
1583008695516,temperature, 73.58
1583008695516,co2,564.00
1583008695516,tvoc, 24.00
1583008698549,humidity, 21.00
1583008698561,temperature, 73.58
1583008698562,co2,637.00
1583008698562,tvoc, 36.00
1583008701621,humidity, 23.00
1583008701633,temperature, 73.94
1583008701634,co2,915.00
1583008701634,tvoc, 78.00
1583008704701,humidity, 20.00
1583008704722,temperature, 73.76
1583008704722,co2,825.00
1583008704722,tvoc, 64.00
1583008707560,humidity, 20.00
1583008707573,temperature, 73.94
1583008707573,co2,1360.00
1583008707573,tvoc,146.00
1583008710639,humidity, 21.00
1583008710647,temperature, 73.58
1583008710647,co2,674.00
1583008710648,tvoc, 41.00
1583008713600,humidity, 21.00
1583008713608,temperature, 74.12
1583008713609,co2,772.00
1583008713609,tvoc, 56.00
1583008716999,humidity, 20.00
1583008717011,temperature, 74.12
1583008717011,co2,553.00
1583008717012,tvoc, 23.00
1583008719850,humidity, 20.00
1583008719862,temperature, 74.30
1583008719863,co2,527.00
1583008719863,tvoc, 19.00
1583008722715,humidity, 20.00
1583008722728,temperature, 73.94
1583008722728,co2,400.00
1583008722728,tvoc,  0.00
1583008725788,humidity, 23.00
1583008725798,temperature, 74.30
1583008725798,co2,744.00
1583008725798,tvoc, 52.00
1583008728810,humidity, 22.00
1583008728827,temperature, 74.30
1583008728827,co2,400.00
1583008728827,tvoc,  0.00
1583008731836,humidity, 24.00
1583008731846,temperature, 74.66
1583008731847,co2,1153.00
1583008731847,tvoc,114.00
1583008735003,humidity, 29.00
1583008735015,co2,1547.00
1583008735015,temperature, 74.66
1583008735015,tvoc,205.00
1583008738077,humidity, 24.00
1583008738091,temperature, 74.48
1583008738091,co2,1201.00
1583008738092,tvoc,122.00
1583008740988,humidity, 26.00
1583008741039,temperature, 74.12
1583008741039,co2,1532.00
1583008741040,tvoc,193.00
1583008744014,humidity, 12.00
1583008744024,temperature, 76.64
1583008744024,co2,848.00
1583008744024,tvoc, 68.00
1583008747114,humidity, 24.00
1583008747210,temperature, 73.40
1583008747210,co2,1134.00
1583008747210,tvoc,111.00
1583008750577,humidity, 25.00
1583008750592,temperature, 76.10
1583008750592,co2,1519.00
1583008750592,tvoc,184.00
1583008753064,humidity, 25.00
1583008753072,temperature, 75.74
1583008753073,co2,1349.00
1583008753073,tvoc,144.00
1583008756301,humidity, 24.00
1583008756308,temperature, 75.74
1583008756308,co2,1083.00
1583008756308,tvoc,104.00
1583008779854,humidity, 25.00
1583008779863,temperature, 74.84
1583008782876,humidity, 17.00
1583008782884,temperature, 76.46
1583008782885,co2,400.00
1583008782885,tvoc,  0.00
1583008785997,humidity, 25.00
1583008786007,temperature, 76.10
1583008786007,co2,572.00
1583008786007,tvoc, 26.00
1583008789069,humidity, 25.00
1583008789077,temperature, 75.02
1583008789078,co2,1838.00
1583008789078,tvoc,499.00
1583008792034,humidity, 26.00
1583008792056,temperature, 73.58
1583008792057,co2,2034.00
1583008792058,tvoc,809.00
1583008795213,humidity, 21.00
1583008795241,temperature, 74.12
1583008795241,co2,1939.00
1583008795242,tvoc,647.00
1583008798057,humidity, 21.00
1583008798071,temperature, 75.92
1583008798072,co2,2189.00
1583008798072,tvoc,1115.00
1583008801153,humidity, 23.00
1583008801164,temperature, 73.58
1583008801164,co2,913.00
1583008801164,tvoc, 78.00
1583008804226,humidity, 30.00
1583008804241,temperature, 76.28
1583008804242,co2,863.00
1583008804242,tvoc, 70.00
1583008807165,humidity, 26.00
1583008807177,temperature, 76.64
1583008807177,co2,2326.00
1583008807178,tvoc,1410.00
1583008831258,humidity, 22.00
1583008831275,temperature, 75.74
1583008834330,humidity, 16.00
1583008834342,temperature, 76.46
1583008834342,co2,400.00
1583008834343,tvoc,  0.00
1583008837198,humidity, 25.00
1583008837212,temperature, 76.10
1583008837212,co2,607.00
1583008837212,tvoc, 31.00
1583008840473,humidity, 24.00
1583008840483,temperature, 76.46
1583008840483,co2,1032.00
1583008840483,tvoc, 96.00
1583008843261,humidity, 25.00
1583008843270,temperature, 76.46
1583008843270,co2,1007.00
1583008843271,tvoc, 92.00
1583008846412,humidity, 29.00
1583008846426,temperature, 74.84
1583008846427,co2,1556.00
1583008846427,tvoc,211.00
1583008849485,humidity, 28.00
1583008849498,temperature, 76.28
1583008849498,co2,1874.00
1583008849499,tvoc,547.00
1583008852557,humidity, 28.00
1583008852566,temperature, 76.64
1583008852567,co2,1989.00
1583008852567,tvoc,727.00
1583008855629,humidity, 32.00
1583008855641,temperature, 73.76
1583008855641,co2,2019.00
1583008855642,tvoc,781.00
1583008858496,humidity, 32.00
1583008858512,temperature, 76.82
1583008858512,co2,1720.00
1583008858512,tvoc,357.00
1583008861568,humidity, 28.00
1583008861580,temperature, 76.28
1583008861580,co2,1582.00
1583008861581,tvoc,230.00
1583008864640,humidity, 32.00
1583008864649,temperature, 76.64
1583008864649,co2,1664.00
1583008864650,tvoc,303.00
1583008867713,humidity, 28.00
1583008867727,temperature, 76.46
1583008867727,co2,2574.00
1583008867727,tvoc,1935.00
1583008870787,humidity, 34.00
1583008870799,temperature, 76.28
1583008870799,co2,1720.00
1583008870800,tvoc,357.00
1583008874061,humidity, 36.00
1583008874077,temperature, 76.28
1583008874078,co2,614.00
1583008874078,tvoc, 32.00
1583008876723,humidity, 36.00
1583008876731,temperature, 76.10
1583008876731,co2,400.00
1583008876732,tvoc,  0.00
1583008879796,humidity, 35.00
1583008879809,temperature, 75.20
1583008879809,co2,637.00
1583008879809,tvoc, 36.00
1583008882866,humidity, 34.00
1583008882877,temperature, 75.92
1583008882877,co2,1749.00
1583008882878,tvoc,390.00
1583008885798,humidity, 30.00
1583008885831,temperature, 74.66
1583008885831,co2,631.00
1583008885831,tvoc, 35.00
1583008888812,humidity, 33.00
1583008888821,temperature, 76.10
1583008888821,co2,1635.00
1583008888821,tvoc,277.00
1583008891877,humidity, 31.00
1583008891887,temperature, 75.20
1583008891887,co2,1521.00
1583008891887,tvoc,186.00
1583008894949,humidity, 28.00
1583008894966,temperature, 75.92
1583008894966,co2,1567.00
1583008894966,tvoc,220.00
1583008898022,humidity, 29.00
1583008898033,temperature, 76.10
1583008898033,co2,815.00
1583008898033,tvoc, 63.00
1583008900951,humidity, 26.00
1583008900965,temperature, 76.46
1583008900965,co2,742.00
1583008900966,tvoc, 52.00
1583008904171,humidity, 25.00
1583008904187,temperature, 76.28
1583008904188,co2,1512.00
1583008904188,tvoc,179.00
1583008907251,humidity, 23.00
1583008907266,temperature, 76.64
1583008907266,co2,1060.00
1583008907267,tvoc,100.00
1583008910104,humidity, 23.00
1583008910118,co2,808.00
1583008910118,temperature, 76.46
1583008910118,tvoc, 62.00
1583008913188,humidity, 23.00
1583008913201,temperature, 76.64
1583008913201,tvoc, 85.00
1583008913201,co2,959.00
1583008916454,humidity, 22.00
1583008916468,temperature, 76.46
1583008916468,co2,682.00
1583008916469,tvoc, 42.00
1583008919171,humidity, 21.00
1583008919177,temperature, 76.82
1583008919178,co2,1128.00
1583008919178,tvoc,110.00
1583008922393,humidity, 21.00
1583008922400,temperature, 76.28
1583008922400,co2,872.00
1583008922401,tvoc, 71.00
1583008925473,humidity, 21.00
1583008925482,temperature, 76.82
1583008925483,co2,872.00
1583008925483,tvoc, 71.00
1583008928331,humidity, 20.00
1583008928342,temperature, 76.28
1583008928343,co2,448.00
1583008928343,tvoc,  7.00
1583008931404,humidity, 21.00
1583008931414,temperature, 76.64
1583008931414,co2,1313.00
1583008931414,tvoc,139.00
1583008934680,humidity, 20.00
1583008934693,temperature, 76.46
1583008934693,co2,1544.00
1583008934693,tvoc,203.00
1583008937548,humidity, 20.00
1583008937562,temperature, 76.46
1583008937563,co2,1478.00
1583008937564,tvoc,164.00
1583008940619,humidity, 19.00
1583008940645,temperature, 76.46
1583008940646,co2,1168.00
1583008940646,tvoc,117.00
1583008943486,humidity, 19.00
1583008943497,temperature, 76.10
1583008943498,co2,1266.00
1583008943498,tvoc,131.00
1583008946559,humidity, 20.00
1583008946583,temperature, 76.28
1583008946583,co2,1235.00
1583008946583,tvoc,127.00
1583008949631,humidity, 20.00
1583008949645,temperature, 76.64
1583008949645,co2,1581.00
1583008949645,tvoc,229.00
1583008952703,humidity, 19.00
1583008952715,temperature, 75.92
1583008952715,co2,1685.00
1583008952715,tvoc,323.00
1583008955775,humidity, 19.00
1583008955789,temperature, 75.92
1583008955790,co2,1606.00
1583008955790,tvoc,249.00
1583008958745,humidity, 19.00
1583008958776,temperature, 76.28
1583008958777,co2,1608.00
1583008958777,tvoc,254.00
1583008982398,humidity, 19.00
1583008982410,temperature, 74.66
1583008985470,humidity, 12.00
1583008985480,temperature, 76.46
1583008985480,co2,400.00
1583008985481,tvoc,  0.00
1583008988337,humidity, 17.00
1583008988348,temperature, 75.74
1583008988348,co2,580.00
1583008988348,tvoc, 27.00
1583008991409,humidity, 17.00
1583008991422,temperature, 75.20
1583008991422,co2,506.00
1583008991423,tvoc, 16.00
1583008994483,humidity, 18.00
1583008994491,temperature, 76.46
1583008994492,co2,493.00
1583008994492,tvoc, 14.00
1583008997553,humidity, 18.00
1583008997569,temperature, 76.28
1583008997569,co2,656.00
1583008997570,tvoc, 39.00
1583009000472,humidity, 17.00
1583009000482,temperature, 76.28
1583009000482,co2,666.00
1583009000482,tvoc, 40.00
1583009003697,humidity, 17.00
1583009003709,temperature, 76.28
1583009003709,co2,546.00
1583009003710,tvoc, 22.00
1583009006769,humidity, 17.00
1583009006777,co2,553.00
1583009006777,temperature, 76.46
1583009006778,tvoc, 23.00
1583009009636,humidity, 19.00
1583009009645,temperature, 76.46
1583009009645,co2,553.00
1583009009648,tvoc, 23.00
1583009012716,humidity, 19.00
1583009012745,temperature, 76.46
1583009012745,co2,566.00
1583009012746,tvoc, 25.00
1583009015780,humidity, 19.00
1583009015790,temperature, 76.28
1583009015790,co2,1352.00
1583009015791,tvoc,145.00
1583009018856,humidity, 20.00
1583009018868,temperature, 74.12
1583009018868,co2,1453.00
1583009018869,tvoc,160.00
1583009021925,humidity, 21.00
1583009021951,temperature, 74.66
1583009021951,co2,1014.00
1583009021952,tvoc, 93.00
1583009024792,humidity, 20.00
1583009024809,temperature, 75.02
1583009024810,co2,870.00
1583009024810,tvoc, 71.00
1583009027863,humidity, 20.00
1583009027875,temperature, 74.12
1583009027875,co2,806.00
1583009027875,tvoc, 61.00
1583009031140,humidity, 19.00
1583009031149,temperature, 75.20
1583009031149,co2,1389.00
1583009031149,tvoc,150.00
1583009033906,humidity, 19.00
1583009033919,temperature, 74.12
1583009033919,co2,925.00
1583009033920,tvoc, 79.00
1583009036978,humidity, 19.00
1583009036990,temperature, 73.94
1583009036990,co2,400.00
1583009036990,tvoc,  0.00
1583009040060,humidity, 20.00
1583009040076,temperature, 75.20
1583009040076,co2,591.00
1583009040076,tvoc, 29.00
1583009043124,humidity, 20.00
1583009043139,temperature, 76.46
1583009043139,co2,603.00
1583009043140,tvoc, 30.00
1583009046204,humidity, 20.00
1583009046226,temperature, 76.10
1583009046226,co2,897.00
1583009046227,tvoc, 75.00
1583009049265,humidity, 21.00
1583009049275,temperature, 76.46
1583009049276,co2,1001.00
1583009049276,tvoc, 91.00
1583009052131,humidity, 21.00
1583009052146,temperature, 75.92
1583009052146,co2,933.00
1583009052146,tvoc, 81.00
1583009055128,humidity, 21.00
1583009055136,temperature, 75.92
1583009055136,co2,717.00
1583009055137,tvoc, 48.00
1583009058276,humidity, 21.00
1583009058289,temperature, 76.46
1583009058289,co2,682.00
1583009058290,tvoc, 42.00
1583009061348,humidity, 21.00
1583009061359,temperature, 75.92
1583009061359,co2,633.00
1583009061360,tvoc, 35.00
1583009064420,humidity, 20.00
1583009064430,temperature, 76.10
1583009064431,co2,706.00
1583009064431,tvoc, 46.00
1583009067309,humidity, 19.00
1583009067317,temperature, 76.10
1583009067317,tvoc, 42.00
1583009067317,co2,678.00
1583009070358,humidity, 19.00
1583009070370,temperature, 76.10
1583009070370,co2,536.00
1583009070370,tvoc, 20.00
1583009073434,humidity, 18.00
1583009073442,temperature, 76.10
1583009073442,co2,586.00
1583009073443,tvoc, 28.00
1583009076382,humidity, 18.00
1583009076414,temperature, 76.10
1583009076414,co2,623.00
1583009076415,tvoc, 33.00
1583009079575,humidity, 18.00
1583009079588,temperature, 76.10
1583009079588,co2,400.00
1583009079589,tvoc,  0.00
1583009082646,humidity, 18.00
1583009082655,temperature, 75.92
1583009082656,co2,920.00
1583009082656,tvoc, 79.00
1583009085719,humidity, 20.00
1583009085745,temperature, 75.92
1583009085745,co2,553.00
1583009085747,tvoc, 23.00
1583009088530,humidity, 22.00
1583009088543,temperature, 75.56
1583009088543,co2,540.00
1583009088543,tvoc, 21.00
1583009091659,humidity, 22.00
1583009091675,temperature, 76.46
1583009091675,co2,530.00
1583009091675,tvoc, 19.00
1583009094730,humidity, 21.00
1583009094738,temperature, 76.28
1583009094738,co2,506.00
1583009094739,tvoc, 16.00
1583009097815,humidity, 20.00
1583009097837,temperature, 76.10
1583009097838,co2,502.00
1583009097838,tvoc, 15.00
1583009100874,humidity, 20.00
1583009100900,temperature, 75.74
1583009100901,co2,518.00
1583009100901,tvoc, 17.00
1583009103946,humidity, 20.00
1583009103961,temperature, 76.10
1583009103961,co2,506.00
1583009103961,tvoc, 16.00
1583009106813,humidity, 19.00
1583009106823,temperature, 76.28
1583009106823,co2,518.00
1583009106823,tvoc, 17.00
1583009109891,humidity, 19.00
1583009109905,temperature, 75.74
1583009109905,co2,567.00
1583009109905,tvoc, 25.00
1583009112957,humidity, 19.00
1583009112966,temperature, 75.20
1583009112966,co2,560.00
1583009112967,tvoc, 24.00
1583009116746,humidity, 18.00
1583009116754,temperature, 75.02
1583009116754,co2,553.00
1583009116754,tvoc, 23.00
1583009119316,humidity, 18.00
1583009119328,temperature, 74.84
1583009119329,co2,518.00
1583009119329,tvoc, 17.00
1583009121968,humidity, 18.00
1583009121981,temperature, 74.84
1583009121981,co2,530.00
1583009121981,tvoc, 19.00
1583009145929,humidity, 18.00
1583009145944,temperature, 75.20
1583009148797,humidity, 11.00
1583009148808,temperature, 73.94
1583009148809,co2,400.00
1583009148809,tvoc,  0.00
1583009152075,humidity, 18.00
1583009152083,temperature, 73.94
1583009152083,co2,448.00
1583009152083,tvoc,  7.00
1583009154736,humidity, 19.00
1583009154744,temperature, 74.84
1583009154745,co2,436.00
1583009154745,tvoc,  5.00
1583009157737,humidity, 19.00
1583009157745,temperature, 74.84
1583009157745,co2,417.00
1583009157745,tvoc,  2.00
1583009160879,humidity, 19.00
1583009160892,temperature, 74.66
1583009160892,co2,415.00
1583009160892,tvoc,  2.00
1583009163951,humidity, 19.00
1583009163960,temperature, 74.84
1583009163960,co2,402.00
1583009163961,tvoc,  0.00
1583009167026,humidity, 19.00
1583009167044,temperature, 74.12
1583009167044,co2,414.00
1583009167045,tvoc,  2.00
1583009170096,humidity, 19.00
1583009170107,temperature, 74.66
1583009170108,co2,420.00
1583009170108,tvoc,  3.00
1583009173215,humidity, 19.00
1583009173247,temperature, 75.02
1583009173247,co2,422.00
1583009173247,tvoc,  3.00
1583009175966,humidity, 19.00
1583009175978,temperature, 74.12
1583009175979,co2,434.00
1583009175979,tvoc,  5.00
1583009179107,humidity, 19.00
1583009179120,temperature, 74.66
1583009179120,co2,416.00
1583009179121,tvoc,  2.00
1583009182179,humidity, 19.00
1583009182187,temperature, 73.94
1583009182187,co2,416.00
1583009182187,tvoc,  2.00
1583009185661,humidity, 19.00
1583009185675,temperature, 74.48
1583009185675,co2,421.00
1583009185675,tvoc,  3.00
1583009188322,humidity, 19.00
1583009188330,temperature, 74.30
1583009188330,co2,416.00
1583009188331,tvoc,  2.00
1583009191189,humidity, 19.00
1583009191201,temperature, 74.48
1583009191201,co2,420.00
1583009191201,tvoc,  3.00
1583009194261,humidity, 19.00
1583009194281,temperature, 74.66
1583009194281,co2,400.00
1583009194281,tvoc,  0.00
1583009197346,humidity, 19.00
1583009197359,temperature, 74.12
1583009197360,co2,435.00
1583009197360,tvoc,  5.00
1583009200406,humidity, 19.00
1583009200422,temperature, 74.12
1583009200423,co2,427.00
1583009200423,tvoc,  4.00
1583009203478,humidity, 19.00
1583009203486,temperature, 74.12
1583009203486,co2,415.00
1583009203487,tvoc,  2.00
1583009206344,humidity, 19.00
1583009206354,temperature, 73.94
1583009206354,co2,439.00
1583009206354,tvoc,  5.00
1583009209417,humidity, 19.00
1583009209428,temperature, 74.30
1583009209429,tvoc,  5.00
1583009209429,co2,433.00
1583009212489,humidity, 19.00
1583009212503,temperature, 74.12
1583009212504,co2,424.00
1583009212504,tvoc,  3.00
1583009215563,humidity, 19.00
1583009215575,temperature, 74.84
1583009215575,co2,409.00
1583009215575,tvoc,  1.00
1583009218633,humidity, 19.00
1583009218837,temperature, 74.12
1583009218838,co2,417.00
1583009218838,tvoc,  2.00
1583009221711,humidity, 19.00
1583009221909,temperature, 73.76
1583009221910,co2,417.00
1583009221910,tvoc,  2.00
1583009224777,humidity, 19.00
1583009224981,temperature, 74.12
1583009224982,co2,417.00
1583009224982,tvoc,  2.00
1583009227849,humidity, 19.00
1583009227946,temperature, 73.94
1583009227947,co2,433.00
1583009227947,tvoc,  5.00
1583009230716,humidity, 19.00
1583009230736,temperature, 73.76
1583009230736,co2,409.00
1583009230736,tvoc,  1.00
1583009233788,humidity, 19.00
1583009233875,temperature, 73.94
1583009233875,co2,415.00
1583009233876,tvoc,  2.00
1583009236860,humidity, 19.00
1583009236873,temperature, 74.12
1583009236874,co2,416.00
1583009236874,tvoc,  2.00
1583009239726,humidity, 19.00
1583009239746,temperature, 74.30
1583009239747,co2,416.00
1583009239747,tvoc,  2.00
1583009242799,humidity, 19.00
1583009242811,temperature, 73.94
1583009242811,co2,416.00
1583009242812,tvoc,  2.00
1583009245871,humidity, 19.00
1583009245883,temperature, 73.76
1583009245883,co2,418.00
1583009245884,tvoc,  2.00
1583009248943,humidity, 19.00
1583009248954,temperature, 73.76
1583009248954,co2,403.00
1583009248955,tvoc,  0.00
1583009252015,humidity, 19.00
1583009252021,temperature, 73.76
1583009252022,co2,417.00
1583009252022,tvoc,  2.00
1583009255092,humidity, 19.00
1583009255107,temperature, 74.12
1583009255107,co2,423.00
1583009255107,tvoc,  3.00
1583009258159,humidity, 19.00
1583009258167,temperature, 73.76
1583009258167,co2,426.00
1583009258167,tvoc,  3.00
1583009261026,humidity, 19.00
1583009261035,temperature, 73.76
1583009261036,co2,508.00
1583009261036,tvoc, 16.00
1583009264303,humidity, 18.00
1583009264323,temperature, 74.84
1583009264323,co2,411.00
1583009264323,tvoc,  1.00
1583009267170,humidity, 19.00
1583009267219,temperature, 74.30
1583009267219,co2,422.00
1583009267219,tvoc,  3.00
1583009270243,humidity, 19.00
1583009270307,temperature, 73.58
1583009270308,co2,413.00
1583009270308,tvoc,  1.00
1583009273724,humidity, 19.00
1583009273846,temperature, 73.94
1583009273846,co2,448.00
1583009273846,tvoc,  7.00
1583009276796,humidity, 19.00
1583009276820,temperature, 74.12
1583009276820,co2,456.00
1583009276820,tvoc,  8.00
1583009279666,humidity, 19.00
1583009279703,temperature, 73.58
1583009279703,co2,443.00
1583009279703,tvoc,  6.00
1583009284444,humidity, 19.00
1583009284594,temperature, 73.94
1583009284594,co2,476.00
1583009284594,tvoc, 11.00
1583009294105,humidity, 19.00
1583009294106,temperature, 74.12
1583009294106,co2,448.00
1583009294106,tvoc,  7.00
1583009294106,humidity, 19.00
1583009294106,temperature, 73.94
1583009294106,co2,442.00
1583009294106,tvoc,  6.00
1583009294106,humidity, 19.00
1583009294106,temperature, 73.76
1583009294107,co2,438.00
1583009294107,tvoc,  5.00
1583009294676,humidity, 19.00
1583009294741,temperature, 73.76
1583009294741,co2,433.00
1583009294742,tvoc,  5.00
1583009297428,humidity, 19.00
1583009299158,temperature, 73.94
1583009299159,co2,443.00
1583009299159,tvoc,  6.00
1583009300758,humidity, 20.00
1583009300788,temperature, 73.94
1583009300789,co2,442.00
1583009300789,tvoc,  6.00
1583009303566,humidity, 19.00
1583009303597,temperature, 73.94
1583009303597,co2,425.00
1583009303597,tvoc,  3.00
1583009306903,humidity, 19.00
1583009306936,temperature, 73.76
1583009306937,co2,414.00
1583009306937,tvoc,  2.00
1583009309678,humidity, 20.00
1583009309784,temperature, 73.76
1583009309784,co2,406.00
1583009309785,tvoc,  0.00
1583009312637,humidity, 20.00
1583009312671,temperature, 73.76
1583009312671,co2,418.00
1583009312671,tvoc,  2.00
1583009315812,humidity, 20.00
1583009367521,humidity, 20.00
1583009367534,temperature, 73.94
1583009367534,co2,441.00
1583009367534,tvoc,  6.00
1583009370596,humidity, 12.00
1583009370628,temperature, 74.48
1583009370628,co2,451.00
1583009370629,tvoc,  7.00
1583009373972,humidity, 21.00
1583009373981,temperature, 73.58
1583009373981,co2,456.00
1583009373982,tvoc,  8.00
1583009376942,humidity, 20.00
1583009376950,temperature, 73.58
1583009376950,co2,425.00
1583009376951,tvoc,  3.00
1583009379679,humidity, 20.00
1583009379688,temperature, 73.40
1583009379689,co2,444.00
1583009379689,tvoc,  6.00
1583009382676,humidity, 20.00
1583009382688,co2,435.00
1583009382688,temperature, 73.76
1583009382688,tvoc,  5.00
1583009385748,humidity, 20.00
1583009385758,temperature, 73.94
1583009385758,co2,400.00
1583009385759,tvoc,  0.00
1583009388820,humidity, 21.00
1583009388829,temperature, 73.40
1583009388829,co2,444.00
1583009388830,tvoc,  6.00
1583009391892,humidity, 21.00
1583009391901,temperature, 73.76
1583009391902,co2,426.00
1583009391902,tvoc,  3.00
1583009394810,humidity, 20.00
1583009394822,temperature, 73.40
1583009394822,co2,447.00
1583009394822,tvoc,  7.00
1583009398036,humidity, 21.00
1583009398043,temperature, 74.84
1583009398043,co2,443.00
1583009398044,tvoc,  6.00
1583009401122,humidity, 21.00
1583009401138,temperature, 73.22
1583009401138,co2,444.00
1583009401139,tvoc,  6.00
1583009403975,humidity, 21.00
1583009403988,temperature, 73.22
1583009403989,co2,457.00
1583009403989,tvoc,  8.00
1583009407047,humidity, 20.00
1583009407058,temperature, 74.48
1583009407059,co2,457.00
1583009407059,tvoc,  8.00
1583009410120,humidity, 20.00
1583009410128,temperature, 73.94
1583009410128,co2,452.00
1583009410128,tvoc,  7.00
1583009413194,humidity, 21.00
1583009413200,temperature, 73.58
1583009413201,co2,501.00
1583009413201,tvoc, 15.00
1583009416263,humidity, 21.00
1583009416274,temperature, 73.58
1583009416275,co2,940.00
1583009416275,tvoc, 82.00
1583009419130,humidity, 20.00
1583009419179,temperature, 73.76
1583009419179,co2,726.00
1583009419179,tvoc, 49.00
1583009422203,humidity, 21.00
1583009422215,temperature, 73.58
1583009422215,co2,836.00
1583009422215,tvoc, 66.00
1583009425204,humidity, 21.00
1583009425216,temperature, 73.58
1583009425216,co2,795.00
1583009425216,tvoc, 60.00
1583009428248,humidity, 22.00
1583009428261,temperature, 73.40
1583009428262,co2,737.00
1583009428262,tvoc, 51.00
1583009431316,humidity, 21.00
1583009431325,temperature, 73.40
1583009431326,co2,657.00
1583009431326,tvoc, 39.00
1583009434388,humidity, 21.00
1583009434402,temperature, 73.58
1583009434402,co2,614.00
1583009434403,tvoc, 32.00
1583009437460,humidity, 21.00
1583009437475,temperature, 73.40
1583009437476,co2,584.00
1583009437476,tvoc, 28.00
1583009440534,humidity, 21.00
1583009440550,temperature, 73.58
1583009440550,co2,623.00
1583009440551,tvoc, 33.00
1583009443398,humidity, 20.00
1583009443412,temperature, 73.40
1583009443413,co2,618.00
1583009443413,tvoc, 33.00
1583009446533,humidity, 20.00
1583009446572,temperature, 73.40
1583009446572,co2,592.00
1583009446572,tvoc, 29.00
1583009449543,humidity, 20.00
1583009449557,temperature, 73.58
1583009449557,co2,623.00
1583009449558,tvoc, 33.00
1583009452505,humidity, 20.00
1583009452518,temperature, 73.40
1583009452518,co2,614.00
1583009452518,tvoc, 32.00
1583009455687,humidity, 20.00
1583009455695,temperature, 73.94
1583009455696,co2,614.00
1583009455696,tvoc, 32.00
1583009458759,humidity, 20.00
1583009458767,temperature, 73.22
1583009458768,co2,618.00
1583009458768,tvoc, 33.00
1583009461607,humidity, 20.00
1583009461616,temperature, 73.40
1583009461616,co2,599.00
1583009461616,tvoc, 30.00
1583009464699,humidity, 20.00
1583009464712,temperature, 73.58
1583009464713,co2,607.00
1583009464713,tvoc, 31.00
1583009467681,humidity, 20.00
1583009467692,temperature, 73.76
1583009467692,co2,623.00
1583009467693,tvoc, 33.00
1583009470842,humidity, 20.00
1583009470851,temperature, 73.40
1583009470851,co2,634.00
1583009470851,tvoc, 35.00
1583009473917,humidity, 20.00
1583009473933,temperature, 73.76
1583009473933,co2,623.00
1583009473933,tvoc, 33.00
1583009476791,humidity, 20.00
1583009476802,temperature, 73.58
1583009476803,co2,592.00
1583009476803,tvoc, 29.00
1583009479874,humidity, 20.00
1583009479891,temperature, 73.76
1583009479892,co2,607.00
1583009479892,tvoc, 31.00
1583009482926,humidity, 20.00
1583009482938,temperature, 73.40
1583009482938,co2,603.00
1583009482939,tvoc, 30.00
1583009485895,humidity, 20.00
1583009485905,temperature, 73.94
1583009485905,co2,599.00
1583009485906,tvoc, 30.00
1583009489069,humidity, 20.00
1583009489078,temperature, 74.12
1583009489078,co2,592.00
1583009489078,tvoc, 29.00
1583009492141,humidity, 20.00
1583009492157,temperature, 73.40
1583009492157,co2,578.00
1583009492158,tvoc, 27.00
1583009495222,humidity, 20.00
1583009495239,temperature, 74.30
1583009495239,co2,565.00
1583009495239,tvoc, 25.00
1583009521838,humidity, 20.00
1583009521845,temperature, 73.40
1583009524908,humidity, 12.00
1583009524917,temperature, 73.40
1583009524917,co2,400.00
1583009524917,tvoc,  0.00
1583009527986,humidity, 20.00
1583009528003,temperature, 73.22
1583009528004,co2,420.00
1583009528004,tvoc,  3.00
1583009530848,humidity, 20.00
1583009530869,temperature, 73.40
1583009530870,co2,462.00
1583009530870,tvoc,  9.00
1583009533920,humidity, 20.00
1583009533932,temperature, 73.22
1583009533932,co2,455.00
1583009533933,tvoc,  8.00
1583009536992,humidity, 20.00
1583009537053,temperature, 73.58
1583009537054,co2,462.00
1583009537054,tvoc,  9.00
1583009540064,humidity, 20.00
1583009540073,temperature, 73.40
1583009540074,co2,462.00
1583009540074,tvoc,  9.00
1583009543135,humidity, 20.00
1583009543165,temperature, 73.04
1583009543166,co2,462.00
1583009543166,tvoc,  9.00
1583009546208,humidity, 20.00
1583009546216,temperature, 73.76
1583009546216,co2,455.00
1583009546217,tvoc,  8.00
1583009549075,humidity, 20.00
1583009549089,temperature, 73.76
1583009549089,co2,434.00
1583009549090,tvoc,  5.00
1583009552147,humidity, 20.00
1583009552155,temperature, 74.12
1583009552155,co2,459.00
1583009552156,tvoc,  8.00
1583009555218,humidity, 20.00
1583009555231,temperature, 73.76
1583009555231,co2,560.00
1583009555231,tvoc, 24.00
1583009558291,humidity, 20.00
1583009558302,temperature, 72.68
1583009558302,co2,567.00
1583009558302,tvoc, 25.00
1583009561363,humidity, 20.00
1583009561375,temperature, 73.58
1583009561375,co2,561.00
1583009561376,tvoc, 24.00
1583009564458,humidity, 20.00
1583009564471,temperature, 72.50
1583009564471,co2,575.00
1583009564472,tvoc, 26.00
1583009567302,humidity, 20.00
1583009567315,temperature, 73.40
1583009567316,co2,567.00
1583009567316,tvoc, 25.00
1583009570373,humidity, 20.00
1583009570386,temperature, 73.22
1583009570386,co2,617.00
1583009570386,tvoc, 33.00
1583009601299,humidity, 20.00
1583009601309,temperature, 74.30
1583009604268,humidity, 12.00
1583009604277,temperature, 72.86
1583009604278,co2,400.00
1583009604278,tvoc,  0.00
1583009607343,humidity, 20.00
1583009607435,temperature, 73.40
1583009607435,co2,462.00
1583009607435,tvoc,  9.00
1583009610412,humidity, 20.00
1583009610420,temperature, 75.38
1583009610420,co2,475.00
1583009610420,tvoc, 11.00
1583009613279,humidity, 21.00
1583009613292,temperature, 71.78
1583009613293,co2,485.00
1583009613293,tvoc, 12.00
1583009616351,humidity, 20.00
1583009616362,temperature, 70.70
1583009616362,co2,491.00
1583009616362,tvoc, 13.00
1583009619423,humidity, 22.00
1583009619436,temperature, 75.56
1583009619436,co2,485.00
1583009619437,tvoc, 12.00
1583009622495,humidity, 22.00
1583009622509,temperature, 75.02
1583009622509,co2,485.00
1583009622509,tvoc, 12.00
1583009625567,humidity, 22.00
1583009625589,temperature, 75.02
1583009625589,co2,448.00
1583009625589,tvoc,  7.00
1583009628640,humidity, 22.00
1583009628649,temperature, 75.20
1583009628650,co2,427.00
1583009628650,tvoc,  4.00
1583009631506,humidity, 22.00
1583009631518,temperature, 75.02
1583009631519,co2,434.00
1583009631519,tvoc,  5.00
1583009634577,humidity, 22.00
1583009634586,temperature, 75.56
1583009634586,co2,436.00
1583009634586,tvoc,  5.00
1583009637650,humidity, 22.00
1583009637666,temperature, 75.56
1583009637666,co2,418.00
1583009637666,tvoc,  2.00
1583009640722,humidity, 20.00
1583009640731,co2,427.00
1583009640731,temperature, 70.70
1583009640731,tvoc,  4.00
1583009643794,humidity, 21.00
1583009643806,temperature, 75.20
1583009643806,co2,434.00
1583009643806,tvoc,  5.00
1583009646867,humidity, 21.00
1583009646880,temperature, 75.02
1583009646881,co2,439.00
1583009646881,tvoc,  5.00
1583009649875,humidity, 21.00
1583009649887,temperature, 75.02
1583009649888,co2,447.00
1583009649888,tvoc,  7.00
1583009653011,humidity, 19.00
1583009653020,temperature, 70.88
1583009653020,co2,459.00
1583009653020,tvoc,  8.00
1583009655766,humidity, 20.00
1583009655778,temperature, 75.38
1583009655778,co2,442.00
1583009655779,tvoc,  6.00
1583009658951,humidity, 20.00
1583009658963,temperature, 75.38
1583009658964,co2,434.00
1583009658964,tvoc,  5.00
1583009662021,humidity, 19.00
1583009662031,temperature, 70.88
1583009662031,co2,442.00
1583009662032,tvoc,  6.00
1583009664888,humidity, 20.00
1583009664897,temperature, 75.38
1583009664897,co2,443.00
1583009664897,tvoc,  6.00
1583009668164,humidity, 19.00
1583009668186,temperature, 70.70
1583009668186,co2,448.00
1583009668187,tvoc,  7.00
1583009671032,humidity, 20.00
1583009671039,temperature, 75.20
1583009671039,co2,448.00
1583009671040,tvoc,  7.00
1583009674104,humidity, 20.00
1583009674115,temperature, 75.20
1583009674115,co2,416.00
1583009674115,tvoc,  2.00
1583009677176,humidity, 20.00
1583009677184,temperature, 75.38
1583009677185,co2,438.00
1583009677185,tvoc,  5.00
1583009680248,humidity, 20.00
1583009680256,temperature, 75.20
1583009680256,co2,434.00
1583009680257,tvoc,  5.00
1583009683321,humidity, 20.00
1583009683332,temperature, 75.20
1583009683333,co2,434.00
1583009683333,tvoc,  5.00
1583009686189,humidity, 20.00
1583009686204,temperature, 75.02
1583009686205,co2,438.00
1583009686205,tvoc,  5.00
1583009689467,humidity, 20.00
1583009689479,temperature, 75.20
1583009689479,co2,432.00
1583009689479,tvoc,  4.00
1583009692361,humidity, 20.00
1583009692432,temperature, 75.56
1583009692433,co2,434.00
1583009692433,tvoc,  5.00
1583009695406,humidity, 19.00
1583009695422,temperature, 70.70
1583009695423,co2,438.00
1583009695423,tvoc,  5.00
1583009698478,humidity, 20.00
1583009698488,temperature, 74.48
1583009698489,co2,421.00
1583009698489,tvoc,  3.00
1583009701547,humidity, 20.00
1583009701564,temperature, 75.20
1583009701564,co2,413.00
1583009701565,tvoc,  1.00
1583009704416,humidity, 19.00
1583009704429,temperature, 70.70
1583009704429,co2,425.00
1583009704429,tvoc,  3.00
1583009707488,humidity, 20.00
1583009707499,temperature, 75.38
1583009707499,co2,427.00
1583009707500,tvoc,  4.00
1583009710559,humidity, 20.00
1583009710566,temperature, 75.38
1583009710566,co2,423.00
1583009710566,tvoc,  3.00
1583009713453,humidity, 20.00
1583009713466,temperature, 75.56
1583009713466,co2,427.00
1583009713466,tvoc,  4.00
1583009716704,humidity, 20.00
1583009716713,temperature, 75.02
1583009716713,co2,425.00
1583009716713,tvoc,  3.00
1583009719776,humidity, 20.00
1583009719787,temperature, 75.02
1583009719787,co2,436.00
1583009719788,tvoc,  5.00
1583009722643,humidity, 19.00
1583009722651,temperature, 70.70
1583009722651,co2,427.00
1583009722652,tvoc,  4.00
1583009725715,humidity, 19.00
1583009725727,temperature, 70.88
1583009725727,co2,427.00
1583009725727,tvoc,  4.00
1583009728787,humidity, 20.00
1583009728799,temperature, 75.20
1583009728799,co2,425.00
1583009728799,tvoc,  3.00
1583009731859,humidity, 20.00
1583009731873,temperature, 75.02
1583009731874,co2,423.00
1583009731874,tvoc,  3.00
1583009734931,humidity, 20.00
1583009734940,temperature, 75.02
1583009734940,co2,427.00
1583009734941,tvoc,  4.00
1583009737798,humidity, 20.00
1583009737810,temperature, 75.20
1583009737810,co2,434.00
1583009737811,tvoc,  5.00
1583009740870,humidity, 19.00
1583009740879,temperature, 75.20
1583009740879,co2,434.00
1583009740879,tvoc,  5.00
1583009743843,humidity, 20.00
1583009743852,temperature, 72.50
1583009743852,co2,425.00
1583009743852,tvoc,  3.00
1583009747219,humidity, 20.00
1583009747235,temperature, 75.20
1583009747235,co2,405.00
1583009747236,tvoc,  0.00
1583009750086,humidity, 19.00
1583009750095,temperature, 75.20
1583009750095,co2,421.00
1583009750095,tvoc,  3.00
1583009752953,humidity, 20.00
1583009752963,temperature, 74.48
1583009752964,co2,442.00
1583009752964,tvoc,  6.00
1583009755968,humidity, 20.00
1583009755976,temperature, 74.66
1583009755977,co2,444.00
1583009755977,tvoc,  6.00
1583009759097,humidity, 20.00
1583009759106,temperature, 75.38
1583009759106,co2,439.00
1583009759107,tvoc,  5.00
1583009762170,humidity, 20.00
1583009762245,temperature, 75.02
1583009762245,co2,442.00
1583009762246,tvoc,  6.00
1583009765241,humidity, 20.00
1583009765253,temperature, 75.20
1583009765254,co2,434.00
1583009765254,tvoc,  5.00
1583009768313,humidity, 20.00
1583009768325,temperature, 75.56
1583009768325,co2,435.00
1583009768326,tvoc,  5.00
1583009771183,humidity, 20.00
1583009771196,temperature, 74.48
1583009771196,co2,442.00
1583009771196,tvoc,  6.00
1583009774186,humidity, 19.00
1583009774196,temperature, 75.20
1583009774196,co2,435.00
1583009774196,tvoc,  5.00
1583009777324,humidity, 20.00
1583009777336,temperature, 75.38
1583009777337,co2,439.00
1583009777337,tvoc,  5.00
1583009780396,humidity, 18.00
1583009780407,temperature, 70.70
1583009780408,co2,444.00
1583009780408,tvoc,  6.00
1583009783468,humidity, 19.00
1583009783481,temperature, 70.70
1583009783481,co2,442.00
1583009783482,tvoc,  6.00
1583009786681,humidity, 20.00
1583009786689,temperature, 73.76
1583009786689,co2,451.00
1583009786690,tvoc,  7.00
1583009789407,humidity, 18.00
1583009789416,temperature, 70.70
1583009789417,co2,446.00
1583009789417,tvoc,  7.00
1583009792479,humidity, 19.00
1583009792499,temperature, 70.88
1583009792499,co2,446.00
1583009792500,tvoc,  7.00
1583009795433,humidity, 20.00
1583009795444,temperature, 75.38
1583009795444,co2,446.00
1583009795444,tvoc,  7.00
1583009798623,humidity, 20.00
1583009798635,temperature, 75.38
1583009798635,co2,421.00
1583009798636,tvoc,  3.00
1583009801900,humidity, 20.00
1583009801912,temperature, 75.20
1583009801913,co2,435.00
1583009801913,tvoc,  5.00
1583009804563,humidity, 19.00
1583009804574,temperature, 75.38
1583009804574,co2,435.00
1583009804575,tvoc,  5.00
1583009807635,humidity, 20.00
1583009807646,temperature, 75.38
1583009807646,co2,439.00
1583009807646,tvoc,  5.00
1583009810693,humidity, 20.00
1583009810745,temperature, 75.20
1583009810745,co2,444.00
1583009810745,tvoc,  6.00
1583009813779,humidity, 20.00
1583009813788,temperature, 75.20
1583009813788,co2,439.00
1583009813788,tvoc,  5.00
1583009816850,humidity, 19.00
1583009816865,temperature, 70.88
1583009816865,co2,441.00
1583009816866,tvoc,  6.00
1583009819922,humidity, 20.00
1583009819931,temperature, 75.38
1583009819931,co2,446.00
1583009819932,tvoc,  7.00
1583009822774,humidity, 20.00
1583009822807,temperature, 75.38
1583009822807,co2,446.00
1583009822807,tvoc,  7.00
1583009825863,humidity, 20.00
1583009825874,temperature, 75.20
1583009825875,co2,439.00
1583009825875,tvoc,  5.00
1583009828933,humidity, 19.00
1583009828942,temperature, 70.88
1583009828942,co2,439.00
1583009828942,tvoc,  5.00
1583009831951,humidity, 20.00
1583009831961,temperature, 74.48
1583009831961,co2,444.00
1583009831962,tvoc,  6.00
1583009835079,humidity, 19.00
1583009835090,temperature, 70.88
1583009835090,co2,446.00
1583009835090,tvoc,  7.00
1583009838167,humidity, 20.00
1583009838177,temperature, 72.32
1583009838178,co2,448.00
1583009838178,tvoc,  7.00
1583009841017,humidity, 19.00
1583009841047,temperature, 71.24
1583009841048,co2,446.00
1583009841048,tvoc,  7.00
1583009844088,humidity, 19.00
1583009844100,temperature, 70.70
1583009844101,co2,435.00
1583009844101,tvoc,  5.00
1583009847162,humidity, 19.00
1583009847177,temperature, 70.88
1583009847177,co2,428.00
1583009847177,tvoc,  4.00
1583009850233,humidity, 20.00
1583009850246,temperature, 72.32
1583009850246,co2,428.00
1583009850247,tvoc,  4.00
1583009853327,humidity, 19.00
1583009853341,temperature, 70.70
1583009853342,co2,439.00
1583009853342,tvoc,  5.00
1583009856172,humidity, 19.00
1583009856180,temperature, 70.70
1583009856180,co2,455.00
1583009856180,tvoc,  8.00
1583009859244,humidity, 19.00
1583009859254,temperature, 71.06
1583009859254,co2,455.00
1583009859254,tvoc,  8.00
1583009862316,humidity, 19.00
1583009862328,temperature, 70.70
1583009862328,co2,435.00
1583009862328,tvoc,  5.00
1583009865390,humidity, 19.00
1583009865401,temperature, 70.88
1583009865401,co2,459.00
1583009865402,tvoc,  8.00
1583009868459,humidity, 19.00
1583009868473,temperature, 70.88
1583009868474,co2,459.00
1583009868474,tvoc,  8.00
1583009871532,humidity, 19.00
1583009871541,temperature, 71.06
1583009871541,co2,454.00
1583009871542,tvoc,  8.00
1583009874399,humidity, 19.00
1583009874419,temperature, 70.70
1583009874420,co2,454.00
1583009874420,tvoc,  8.00
1583009877470,humidity, 19.00
1583009877486,temperature, 70.88
1583009877486,co2,450.00
1583009877487,tvoc,  7.00
1583009880543,humidity, 19.00
1583009880557,temperature, 70.70
1583009880558,co2,450.00
1583009880558,tvoc,  7.00
1583009883616,humidity, 19.00
1583009883627,temperature, 71.24
1583009883627,co2,450.00
1583009883628,tvoc,  7.00
1583009886687,humidity, 19.00
1583009886695,temperature, 70.88
1583009886695,co2,450.00
1583009886696,tvoc,  7.00
1583009889761,humidity, 19.00
1583009889778,temperature, 70.70
1583009889778,co2,455.00
1583009889778,tvoc,  8.00
1583009892626,humidity, 19.00
1583009892641,temperature, 70.88
1583009892641,co2,441.00
1583009892641,tvoc,  6.00
1583009895700,humidity, 19.00
1583009895707,temperature, 70.70
1583009895707,co2,447.00
1583009895707,tvoc,  7.00
1583009898772,humidity, 20.00
1583009898785,temperature, 72.32
1583009898785,co2,445.00
1583009898785,tvoc,  6.00
1583009901842,humidity, 19.00
1583009901867,temperature, 71.24
1583009901867,co2,447.00
1583009901868,tvoc,  7.00
1583009904914,humidity, 19.00
1583009904924,temperature, 70.70
1583009904924,co2,400.00
1583009904925,tvoc,  0.00
1583009907787,humidity, 19.00
1583009907802,temperature, 70.70
1583009907802,co2,486.00
1583009907802,tvoc, 13.00
1583009910853,humidity, 19.00
1583009910863,temperature, 71.06
1583009910863,co2,488.00
1583009910863,tvoc, 13.00
1583009913924,humidity, 19.00
1583009913932,temperature, 70.88
1583009913932,co2,496.00
1583009913933,tvoc, 14.00
1583009917022,humidity, 19.00
1583009917039,temperature, 70.70
1583009917040,co2,488.00
1583009917040,tvoc, 13.00
1583009920069,humidity, 19.00
1583009920083,temperature, 70.70
1583009920083,co2,492.00
1583009920084,tvoc, 14.00
1583009923141,humidity, 19.00
1583009923155,temperature, 70.70
1583009923155,co2,492.00
1583009923155,tvoc, 14.00
1583009926008,humidity, 19.00
1583009926016,temperature, 71.24
1583009926016,co2,486.00
1583009926016,tvoc, 13.00
1583009929080,humidity, 19.00
1583009929093,temperature, 70.70
1583009929093,co2,481.00
1583009929093,tvoc, 12.00
1583009932152,humidity, 19.00
1583009932164,temperature, 71.24
1583009932164,co2,481.00
1583009932165,tvoc, 12.00
1583009935224,humidity, 19.00
1583009935236,temperature, 70.88
1583009935236,co2,481.00
1583009935237,tvoc, 12.00
1583009938296,humidity, 19.00
1583009938307,temperature, 71.24
1583009938308,co2,476.00
1583009938308,tvoc, 11.00
1583009941378,humidity, 19.00
1583009941392,temperature, 70.70
1583009941392,co2,476.00
1583009941392,tvoc, 11.00
1583009944239,humidity, 19.00
1583009944256,temperature, 71.24
1583009944256,co2,478.00
1583009944256,tvoc, 11.00
1583009947307,humidity, 19.00
1583009947318,temperature, 70.70
1583009947318,co2,473.00
1583009947318,tvoc, 11.00
1583009950379,humidity, 19.00
1583009950391,temperature, 71.24
1583009950391,co2,476.00
1583009950392,tvoc, 11.00
1583009953451,humidity, 20.00
1583009953496,temperature, 71.60
1583009953496,co2,488.00
1583009953497,tvoc, 13.00
1583009956523,humidity, 19.00
1583009956537,temperature, 71.06
1583009956537,co2,473.00
1583009956538,tvoc, 11.00
1583009959801,humidity, 19.00
1583009959815,temperature, 70.88
1583009959815,co2,486.00
1583009959815,tvoc, 13.00
1583009962474,humidity, 19.00
1583009962491,temperature, 71.24
1583009962491,co2,481.00
1583009962491,tvoc, 12.00
1583009965551,humidity, 19.00
1583009965608,temperature, 70.70
1583009965609,co2,486.00
1583009965609,tvoc, 13.00
1583009968606,humidity, 20.00
1583009968623,temperature, 71.78
1583009968624,co2,492.00
1583009968624,tvoc, 14.00
1583009971678,humidity, 19.00
1583009971694,temperature, 70.88
1583009971694,co2,488.00
1583009971694,tvoc, 13.00
1583009974750,humidity, 19.00
1583009974763,temperature, 71.24
1583009974763,co2,492.00
1583009974764,tvoc, 14.00
1583009977822,humidity, 19.00
1583009977834,temperature, 71.24
1583009977834,co2,486.00
1583009977834,tvoc, 13.00
1583009980690,humidity, 20.00
1583009980702,temperature, 71.60
1583009980703,co2,476.00
1583009980703,tvoc, 11.00
1583009983761,humidity, 19.00
1583009983776,temperature, 71.24
1583009983777,co2,486.00
1583009983777,tvoc, 13.00
1583009986724,humidity, 19.00
1583009986737,temperature, 71.06
1583009986737,co2,486.00
1583009986737,tvoc, 13.00
1583009989905,humidity, 19.00
1583009989919,temperature, 71.42
1583009989919,co2,481.00
1583009989919,tvoc, 12.00
1583009992977,humidity, 20.00
1583009992990,temperature, 71.60
1583009992991,co2,481.00
1583009992991,tvoc, 12.00
1583009995844,humidity, 19.00
1583009995853,temperature, 70.88
1583009995854,co2,478.00
1583009995854,tvoc, 11.00
1583009998916,humidity, 20.00
1583009998924,temperature, 71.42
1583009998924,co2,492.00
1583009998925,tvoc, 14.00
1583010001989,humidity, 19.00
1583010002001,temperature, 71.42
1583010002001,co2,497.00
1583010002002,tvoc, 14.00
1583010005060,humidity, 19.00
1583010005069,temperature, 70.88
1583010005069,co2,497.00
1583010005070,tvoc, 14.00
1583010008154,humidity, 19.00
1583010008170,temperature, 71.42
1583010008170,co2,497.00
1583010008170,tvoc, 14.00
1583010011204,humidity, 20.00
1583010011216,temperature, 71.24
1583010011216,co2,496.00
1583010011217,tvoc, 14.00
1583010014071,humidity, 20.00
1583010014083,temperature, 70.88
1583010014083,co2,492.00
1583010014083,tvoc, 14.00
1583010017145,humidity, 19.00
1583010017155,temperature, 71.24
1583010017155,co2,497.00
1583010017156,tvoc, 14.00
1583010020234,humidity, 19.00
1583010020265,temperature, 71.24
1583010020266,co2,501.00
1583010020266,tvoc, 15.00
1583010023158,humidity, 20.00
1583010023172,temperature, 71.24
1583010023173,co2,517.00
1583010023173,tvoc, 17.00
1583010026556,humidity, 20.00
1583010026574,temperature, 72.14
1583010026575,co2,530.00
1583010026575,tvoc, 19.00
1583010029464,humidity, 20.00
1583010029486,temperature, 71.42
1583010029486,co2,539.00
1583010029487,tvoc, 21.00
1583010032318,humidity, 20.00
1583010032334,temperature, 71.60
1583010032335,co2,524.00
1583010032335,tvoc, 18.00
1583010035372,humidity, 19.00
1583010035385,temperature, 71.42
1583010035385,co2,530.00
1583010035385,tvoc, 19.00
1583010038443,humidity, 20.00
1583010038463,temperature, 71.24
1583010038463,co2,530.00
1583010038463,tvoc, 19.00
1583010041514,humidity, 20.00
1583010041524,temperature, 71.42
1583010041524,co2,566.00
1583010041524,tvoc, 25.00
1583010044587,humidity, 20.00
1583010044599,temperature, 71.42
1583010044599,co2,570.00
1583010044601,tvoc, 25.00
1583010047459,humidity, 21.00
1583010047466,temperature, 71.96
1583010047467,co2,594.00
1583010047467,tvoc, 29.00
1583010050526,humidity, 20.00
1583010050535,temperature, 71.42
1583010050536,co2,603.00
1583010050536,tvoc, 30.00
1583010053523,humidity, 20.00
1583010053533,temperature, 71.24
1583010053534,co2,599.00
1583010053534,tvoc, 30.00
1583010056670,humidity, 20.00
1583010056678,temperature, 71.24
1583010056678,co2,566.00
1583010056678,tvoc, 25.00
1583010059627,humidity, 21.00
1583010059661,temperature, 71.60
1583010059661,co2,527.00
1583010059662,tvoc, 19.00
1583010062689,humidity, 20.00
1583010062729,temperature, 71.24
1583010062729,co2,520.00
1583010062730,tvoc, 18.00
1583010065669,humidity, 21.00
1583010065680,temperature, 71.60
1583010065681,co2,517.00
1583010065681,tvoc, 17.00
1583010068753,humidity, 20.00
1583010068763,temperature, 71.42
1583010068763,co2,524.00
1583010068763,tvoc, 18.00
1583010071832,humidity, 20.00
1583010071841,temperature, 70.70
1583010071841,co2,530.00
1583010071841,tvoc, 19.00
1583010074783,humidity, 21.00
1583010074792,temperature, 71.78
1583010074792,co2,527.00
1583010074793,tvoc, 19.00
1583010077969,humidity, 20.00
1583010077980,temperature, 70.70
1583010077981,co2,520.00
1583010077981,tvoc, 18.00
1583010081041,humidity, 21.00
1583010081049,temperature, 71.78
1583010081050,co2,530.00
1583010081050,tvoc, 19.00
1583010084113,humidity, 20.00
1583010084133,temperature, 70.88
1583010084134,co2,527.00
1583010084134,tvoc, 19.00
